account_id,customer_id,account_type,open_date,status,close_date,branch_code
2001,1646,Savings,2024-02-17,Active,,BR002
2002,1717,Current,2020-09-26,Active,,BR005
2003,1268,Current,2019-12-18,Active,,BR003
2004,1358,Savings,2023-10-05,Active,,BR003
2005,1946,Salary,2016-10-31,Dormant,,BR002
2006,1852,Salary,2022-12-29,Active,,BR001
2007,1414,Salary,2018-03-30,Active,,BR003
2008,1241,Current,2020-07-24,Active,,BR002
2009,1302,Salary,2024-03-12,Dormant,,BR004
2010,1539,Current,2024-04-13,Active,,BR002
2011,1567,Current,2018-12-27,Active,,BR005
2012,1185,Savings,2022-05-07,Active,,BR004
2013,1066,Salary,2021-04-12,Active,,BR003
2014,1496,Savings,2021-04-22,Active,,BR004
2015,1798,Current,2022-09-06,Active,,BR004
2016,1153,Salary,2024-08-14,Closed,2024-12-28,BR004
2017,1409,Savings,2023-09-25,Active,,BR003
2018,1162,Current,2021-03-12,Active,,BR005
2019,1243,Savings,2023-12-12,Active,,BR002
2020,1613,Current,2024-06-14,Active,,BR003
2021,1287,Current,2019-06-01,Active,,BR002
2022,1264,Savings,2023-11-04,Active,,BR003
2023,1996,Salary,2024-02-02,Active,,BR005
2024,1173,Current,2023-03-27,Active,,BR004
2025,1190,Current,2021-03-22,Active,,BR002
2026,1930,Salary,2024-04-18,Closed,2025-03-25,BR005
2027,1551,Savings,2024-03-13,Active,,BR004
2028,1044,Current,2021-08-08,Active,,BR003
2029,1425,Salary,2019-11-22,Closed,2020-05-24,BR001
2030,1566,Current,2020-08-25,Dormant,,BR003
2031,1254,Savings,2022-07-31,Active,,BR005
2032,1549,Savings,2021-02-04,Dormant,,BR003
2033,1649,Salary,2024-01-11,Active,,BR001
2034,1251,Salary,2022-01-21,Active,,BR001
2035,1813,Salary,2021-06-01,Dormant,,BR005
2036,1453,Savings,2022-06-26,Dormant,,BR003
2037,1964,Salary,2022-09-25,Active,,BR004
2038,1088,Current,2019-07-14,Active,,BR002
2039,1325,Salary,2024-02-05,Active,,BR001
2040,1722,Salary,2024-03-09,Active,,BR003
2041,1895,Savings,2021-10-08,Closed,2025-03-07,BR004
2042,1222,Salary,2022-09-25,Active,,BR002
2043,1981,Current,2021-06-20,Active,,BR004
2044,1194,Salary,2020-12-16,Active,,BR003
2045,1417,Salary,2024-03-14,Active,,BR002
2046,1315,Savings,2017-08-16,Active,,BR002
2047,1425,Salary,2019-01-27,Closed,2022-05-31,BR002
2048,1903,Savings,2020-08-18,Active,,BR002
2049,1733,Savings,2024-07-22,Active,,BR004
2050,1797,Savings,2023-05-24,Active,,BR002
2051,1254,Savings,2023-04-18,Active,,BR004
2052,1947,Salary,2023-07-09,Active,,BR002
2053,1436,Savings,2020-07-18,Active,,BR002
2054,1652,Current,2022-06-27,Active,,BR005
2055,1698,Current,2022-05-13,Active,,BR005
2056,1663,Salary,2016-08-20,Dormant,,BR003
2057,1602,Current,2023-12-16,Active,,BR002
2058,1481,Current,2019-10-16,Active,,BR004
2059,1648,Salary,2023-07-23,Active,,BR001
2060,1906,Current,2023-06-30,Active,,BR003
2061,1390,Salary,2021-02-24,Closed,2023-10-15,BR003
2062,1511,Salary,2023-12-02,Active,,BR004
2063,1181,Salary,2024-02-13,Active,,BR001
2064,1356,Savings,2024-08-20,Active,,BR001
2065,1773,Savings,2023-12-13,Closed,2024-04-02,BR002
2066,1641,Current,2024-05-02,Active,,BR001
2067,1212,Current,2022-02-03,Active,,BR003
2068,1547,Savings,2022-05-01,Active,,BR005
2069,1812,Current,2023-06-16,Active,,BR002
2070,1125,Savings,2024-07-25,Dormant,,BR003
2071,1062,Savings,2024-06-26,Active,,BR002
2072,1393,Salary,2023-11-02,Active,,BR001
2073,1657,Savings,2022-03-28,Active,,BR004
2074,1314,Salary,2020-01-16,Dormant,,BR002
2075,1822,Current,2023-07-30,Active,,BR003
2076,1847,Salary,2022-09-12,Active,,BR004
2077,1533,Savings,2019-08-09,Closed,2022-10-01,BR005
2078,1379,Salary,2019-06-30,Active,,BR001
2079,1042,Current,2022-02-08,Dormant,,BR003
2080,1822,Salary,2023-06-24,Dormant,,BR005
2081,1896,Savings,2022-05-25,Active,,BR003
2082,1443,Salary,2020-08-06,Active,,BR001
2083,1517,Savings,2024-04-11,Active,,BR002
2084,1754,Current,2023-02-26,Active,,BR004
2085,1696,Savings,2022-12-05,Active,,BR004
2086,1136,Salary,2019-11-15,Closed,2019-11-21,BR002
2087,1673,Current,2024-05-14,Active,,BR001
2088,1925,Salary,2024-04-28,Active,,BR002
2089,1751,Current,2023-12-27,Active,,BR002
2090,1481,Savings,2020-01-22,Active,,BR004
2091,1524,Current,2022-10-18,Active,,BR005
2092,1260,Current,2021-02-13,Dormant,,BR001
2093,1661,Savings,2024-08-18,Active,,BR004
2094,1242,Salary,2021-02-15,Active,,BR004
2095,1342,Salary,2020-12-11,Active,,BR004
2096,1266,Current,2022-05-16,Active,,BR005
2097,1336,Current,2023-10-29,Closed,2025-05-13,BR001
2098,1367,Salary,2023-10-24,Active,,BR004
2099,1083,Salary,2021-03-25,Active,,BR001
2100,1718,Savings,2023-05-31,Active,,BR005
2101,1441,Current,2024-02-11,Active,,BR003
2102,1950,Salary,2020-10-28,Active,,BR001
2103,1181,Salary,2023-05-19,Dormant,,BR004
2104,1670,Current,2018-05-10,Closed,2023-09-30,BR004
2105,1180,Salary,2021-10-21,Active,,BR003
2106,1548,Current,2020-07-25,Active,,BR002
2107,1491,Current,2023-08-04,Active,,BR001
2108,1449,Current,2022-01-16,Active,,BR005
2109,1655,Salary,2022-03-24,Active,,BR001
2110,1829,Salary,2024-04-01,Active,,BR005
2111,1317,Savings,2024-07-14,Active,,BR003
2112,1850,Savings,2023-07-08,Active,,BR004
2113,1185,Current,2020-01-03,Active,,BR004
2114,1294,Salary,2020-11-19,Active,,BR005
2115,1311,Current,2023-08-25,Active,,BR001
2116,1954,Current,2022-05-18,Active,,BR005
2117,1119,Savings,2020-10-28,Active,,BR001
2118,1396,Savings,2023-07-05,Dormant,,BR005
2119,1425,Salary,2021-04-11,Active,,BR002
2120,1801,Current,2020-11-21,Active,,BR005
2121,1486,Salary,2018-10-11,Active,,BR001
2122,1967,Savings,2022-08-14,Active,,BR003
2123,1741,Savings,2022-09-07,Active,,BR003
2124,1704,Salary,2022-03-16,Active,,BR005
2125,1753,Salary,2023-07-07,Active,,BR001
2126,1162,Salary,2022-10-28,Active,,BR001
2127,1450,Savings,2020-07-13,Active,,BR004
2128,1587,Salary,2024-06-06,Dormant,,BR001
2129,1209,Current,2022-04-17,Active,,BR004
2130,1119,Salary,2020-08-13,Active,,BR001
2131,1136,Salary,2018-04-06,Active,,BR005
2132,1790,Current,2015-11-18,Active,,BR003
2133,1657,Savings,2022-05-28,Active,,BR005
2134,1282,Salary,2020-09-27,Active,,BR001
2135,1738,Current,2022-11-16,Active,,BR002
2136,1696,Current,2021-02-27,Active,,BR003
2137,1817,Current,2024-08-20,Active,,BR001
2138,1911,Salary,2023-05-03,Active,,BR001
2139,1883,Savings,2024-02-11,Active,,BR002
2140,1182,Salary,2021-02-26,Active,,BR004
2141,1770,Current,2020-10-17,Active,,BR004
2142,1393,Savings,2022-11-28,Dormant,,BR001
2143,1404,Savings,2023-12-18,Dormant,,BR001
2144,1648,Current,2021-03-21,Active,,BR004
2145,1603,Salary,2023-01-05,Active,,BR002
2146,1420,Current,2022-12-24,Active,,BR004
2147,2000,Savings,2021-07-31,Active,,BR002
2148,1175,Current,2023-08-17,Active,,BR002
2149,1097,Savings,2024-07-02,Active,,BR002
2150,1030,Savings,2021-06-06,Active,,BR002
2151,1815,Salary,2022-09-07,Dormant,,BR004
2152,1407,Salary,2021-05-01,Active,,BR003
2153,1438,Savings,2024-05-19,Active,,BR004
2154,1650,Current,2022-10-28,Active,,BR001
2155,1436,Current,2024-06-05,Active,,BR003
2156,1574,Current,2019-08-06,Active,,BR003
2157,1059,Salary,2024-02-26,Closed,2024-10-15,BR005
2158,1157,Savings,2022-12-08,Dormant,,BR003
2159,1933,Salary,2023-02-19,Active,,BR001
2160,1451,Current,2024-07-08,Active,,BR004
2161,1168,Savings,2018-05-24,Active,,BR001
2162,1370,Salary,2023-06-29,Active,,BR005
2163,1335,Salary,2019-11-06,Active,,BR002
2164,1275,Current,2020-09-04,Active,,BR004
2165,1294,Salary,2018-07-21,Active,,BR004
2166,1730,Savings,2023-06-14,Active,,BR003
2167,1107,Current,2023-07-23,Active,,BR003
2168,1310,Current,2022-07-11,Dormant,,BR001
2169,1468,Salary,2021-02-26,Active,,BR001
2170,1541,Current,2022-06-02,Dormant,,BR004
2171,1881,Salary,2021-12-13,Active,,BR005
2172,1924,Savings,2023-04-12,Dormant,,BR005
2173,1298,Current,2024-01-05,Active,,BR002
2174,1540,Savings,2016-06-17,Active,,BR002
2175,1023,Current,2020-02-19,Active,,BR002
2176,1618,Savings,2017-11-05,Closed,2024-04-15,BR004
2177,1153,Salary,2024-05-03,Active,,BR004
2178,1074,Savings,2017-08-29,Active,,BR004
2179,1672,Salary,2023-11-29,Dormant,,BR005
2180,1179,Salary,2023-02-15,Active,,BR002
2181,1478,Current,2015-12-03,Dormant,,BR004
2182,1101,Salary,2024-05-09,Active,,BR003
2183,1746,Salary,2021-03-23,Active,,BR005
2184,1765,Savings,2021-02-14,Active,,BR002
2185,1575,Salary,2021-06-24,Active,,BR001
2186,1836,Current,2022-08-14,Active,,BR002
2187,1437,Salary,2023-04-05,Active,,BR004
2188,1187,Salary,2020-04-05,Active,,BR005
2189,1152,Salary,2019-09-24,Dormant,,BR005
2190,1220,Current,2023-07-25,Dormant,,BR001
2191,1201,Savings,2018-08-10,Active,,BR003
2192,1324,Savings,2023-06-21,Active,,BR001
2193,1215,Savings,2023-05-16,Active,,BR002
2194,1592,Salary,2023-02-08,Dormant,,BR005
2195,1149,Current,2022-07-02,Active,,BR005
2196,1622,Current,2022-11-09,Active,,BR001
2197,1335,Current,2021-08-06,Active,,BR001
2198,1687,Savings,2019-09-06,Closed,2024-06-12,BR004
2199,1513,Current,2024-01-24,Dormant,,BR003
2200,1906,Current,2023-11-22,Active,,BR003
2201,1440,Salary,2019-01-09,Dormant,,BR005
2202,1296,Savings,2020-10-11,Active,,BR005
2203,1590,Salary,2023-03-23,Active,,BR005
2204,1659,Savings,2022-05-18,Dormant,,BR004
2205,1440,Current,2019-04-03,Active,,BR005
2206,1560,Current,2024-03-18,Active,,BR004
2207,1471,Salary,2022-07-14,Closed,2022-11-22,BR005
2208,1306,Current,2017-10-01,Dormant,,BR003
2209,1314,Savings,2023-09-19,Active,,BR001
2210,1908,Current,2017-09-08,Active,,BR005
2211,1676,Current,2021-11-10,Dormant,,BR005
2212,1096,Current,2024-04-19,Active,,BR002
2213,1963,Savings,2023-07-18,Closed,2023-08-26,BR003
2214,1713,Savings,2022-12-07,Active,,BR003
2215,1051,Current,2023-09-22,Active,,BR004
2216,1728,Savings,2021-07-27,Active,,BR004
2217,1590,Current,2023-10-08,Dormant,,BR002
2218,1916,Savings,2019-06-08,Closed,2020-12-25,BR005
2219,1490,Salary,2022-10-11,Active,,BR005
2220,1519,Savings,2020-11-21,Active,,BR005
2221,1315,Current,2023-04-14,Dormant,,BR003
2222,1322,Salary,2020-08-12,Active,,BR001
2223,1618,Current,2018-08-16,Active,,BR005
2224,1828,Savings,2024-06-06,Dormant,,BR001
2225,1891,Savings,2018-10-09,Dormant,,BR001
2226,1771,Current,2021-11-18,Dormant,,BR002
2227,1610,Savings,2024-07-02,Active,,BR001
2228,1501,Salary,2022-10-27,Active,,BR004
2229,1340,Salary,2024-06-11,Closed,2024-06-11,BR003
2230,1768,Salary,2022-11-23,Active,,BR002
2231,1319,Salary,2024-07-03,Active,,BR001
2232,1268,Current,2019-02-18,Dormant,,BR002
2233,1868,Savings,2023-09-20,Active,,BR004
2234,1590,Current,2023-01-18,Dormant,,BR004
2235,1355,Savings,2023-11-21,Active,,BR002
2236,1866,Salary,2022-01-14,Closed,2024-01-20,BR001
2237,1963,Current,2022-10-29,Active,,BR003
2238,1318,Current,2022-11-12,Active,,BR004
2239,1522,Salary,2023-12-31,Closed,2024-10-26,BR001
2240,1484,Current,2023-09-06,Active,,BR004
2241,1702,Current,2021-12-28,Active,,BR001
2242,1952,Savings,2020-12-03,Active,,BR002
2243,1549,Savings,2022-05-08,Dormant,,BR004
2244,1799,Savings,2019-10-01,Dormant,,BR001
2245,1596,Current,2023-05-27,Active,,BR002
2246,1888,Salary,2022-05-16,Active,,BR001
2247,1405,Savings,2020-11-07,Active,,BR002
2248,1386,Current,2021-04-22,Closed,2023-08-04,BR004
2249,1423,Savings,2023-10-20,Closed,2023-12-06,BR002
2250,1997,Savings,2022-05-03,Closed,2025-04-16,BR001
2251,1612,Savings,2020-11-20,Active,,BR002
2252,1153,Current,2023-11-25,Active,,BR001
2253,1041,Current,2023-01-19,Dormant,,BR004
2254,1519,Current,2020-08-05,Dormant,,BR005
2255,1806,Current,2023-06-21,Active,,BR001
2256,1480,Current,2022-01-15,Active,,BR004
2257,1561,Savings,2021-06-12,Active,,BR002
2258,1799,Salary,2020-09-03,Active,,BR001
2259,1517,Current,2024-06-03,Active,,BR004
2260,1909,Savings,2020-10-19,Active,,BR002
2261,1638,Current,2021-12-23,Active,,BR003
2262,1732,Current,2019-11-01,Closed,2025-06-02,BR003
2263,1782,Salary,2024-05-07,Active,,BR003
2264,1627,Savings,2022-02-06,Closed,2024-02-21,BR001
2265,1051,Salary,2023-12-09,Active,,BR002
2266,1428,Current,2023-08-14,Active,,BR004
2267,1142,Savings,2019-12-12,Active,,BR005
2268,1511,Current,2023-12-14,Active,,BR001
2269,1144,Salary,2022-12-04,Active,,BR003
2270,1510,Savings,2023-08-23,Active,,BR005
2271,1344,Salary,2020-05-20,Dormant,,BR002
2272,1021,Salary,2023-11-13,Dormant,,BR003
2273,1125,Salary,2024-04-09,Active,,BR005
2274,1504,Savings,2022-10-21,Active,,BR005
2275,1079,Current,2020-08-22,Active,,BR004
2276,1856,Current,2023-12-19,Active,,BR004
2277,1759,Current,2023-05-21,Active,,BR004
2278,1710,Salary,2021-06-11,Active,,BR002
2279,1173,Savings,2023-08-16,Active,,BR005
2280,1796,Current,2024-08-20,Active,,BR001
2281,1635,Salary,2019-07-16,Closed,2019-07-28,BR001
2282,1391,Salary,2022-04-18,Closed,2023-08-02,BR004
2283,1001,Current,2024-07-26,Active,,BR005
2284,1529,Salary,2023-06-07,Dormant,,BR005
2285,1796,Current,2021-02-20,Active,,BR004
2286,1034,Current,2022-02-03,Active,,BR002
2287,1053,Current,2021-09-26,Dormant,,BR002
2288,1383,Savings,2023-08-08,Dormant,,BR003
2289,1512,Savings,2023-09-01,Dormant,,BR002
2290,1475,Salary,2023-06-06,Active,,BR003
2291,1427,Savings,2022-12-21,Dormant,,BR001
2292,1256,Current,2020-07-26,Active,,BR002
2293,1060,Current,2021-04-22,Active,,BR005
2294,1032,Current,2019-01-17,Active,,BR004
2295,1099,Current,2024-08-02,Dormant,,BR001
2296,1691,Salary,2024-02-18,Active,,BR002
2297,1786,Salary,2023-01-07,Active,,BR002
2298,1436,Salary,2023-09-30,Closed,2025-01-16,BR002
2299,1078,Current,2022-08-01,Active,,BR004
2300,1416,Salary,2023-11-23,Active,,BR005
2301,1986,Current,2023-07-20,Active,,BR004
2302,1250,Current,2020-04-18,Active,,BR003
2303,1492,Salary,2023-11-19,Dormant,,BR001
2304,1538,Salary,2018-11-23,Active,,BR001
2305,1330,Savings,2024-02-20,Active,,BR005
2306,1439,Salary,2017-10-16,Active,,BR004
2307,1472,Salary,2024-05-04,Active,,BR003
2308,1474,Salary,2023-12-31,Dormant,,BR003
2309,1718,Salary,2020-04-18,Active,,BR005
2310,1581,Salary,2022-03-31,Dormant,,BR005
2311,1054,Savings,2024-08-01,Active,,BR001
2312,1007,Savings,2021-01-30,Active,,BR002
2313,1411,Savings,2019-08-16,Active,,BR001
2314,1908,Savings,2023-09-20,Active,,BR002
2315,1037,Savings,2023-08-07,Active,,BR004
2316,1072,Current,2018-01-25,Dormant,,BR002
2317,1680,Savings,2023-07-03,Active,,BR001
2318,1451,Savings,2024-03-21,Active,,BR003
2319,1231,Current,2021-10-03,Active,,BR003
2320,1208,Salary,2023-08-30,Active,,BR004
2321,1666,Savings,2023-12-12,Active,,BR001
2322,1524,Current,2022-07-11,Dormant,,BR002
2323,1639,Current,2022-07-25,Active,,BR004
2324,1281,Salary,2021-01-03,Active,,BR004
2325,1527,Savings,2023-02-03,Active,,BR005
2326,1861,Salary,2023-11-15,Active,,BR005
2327,1317,Savings,2024-05-09,Active,,BR005
2328,1397,Savings,2024-02-17,Active,,BR003
2329,1164,Savings,2023-11-26,Active,,BR005
2330,1639,Salary,2022-11-04,Dormant,,BR003
2331,1033,Savings,2016-11-30,Active,,BR005
2332,1249,Salary,2024-02-20,Active,,BR002
2333,1714,Salary,2022-10-30,Active,,BR003
2334,1020,Salary,2023-04-14,Active,,BR004
2335,1990,Savings,2022-04-06,Active,,BR002
2336,1405,Savings,2022-12-23,Active,,BR001
2337,1399,Savings,2021-11-05,Dormant,,BR005
2338,1537,Salary,2024-03-18,Active,,BR003
2339,1640,Savings,2023-05-17,Active,,BR005
2340,1460,Current,2019-10-24,Active,,BR002
2341,1885,Current,2024-08-11,Active,,BR005
2342,1963,Salary,2023-04-01,Active,,BR004
2343,1201,Current,2022-07-25,Active,,BR004
2344,1707,Current,2017-02-21,Active,,BR004
2345,1301,Salary,2022-12-26,Active,,BR002
2346,1996,Salary,2021-09-30,Dormant,,BR005
2347,1254,Current,2021-12-01,Closed,2024-08-22,BR005
2348,1296,Current,2024-01-21,Active,,BR004
2349,1715,Current,2024-01-31,Active,,BR005
2350,1790,Salary,2019-12-17,Dormant,,BR005
2351,1129,Current,2021-01-27,Closed,2022-03-01,BR004
2352,1556,Current,2021-05-15,Dormant,,BR003
2353,1346,Salary,2023-08-04,Active,,BR005
2354,1612,Salary,2020-06-26,Active,,BR001
2355,1557,Current,2023-07-27,Active,,BR003
2356,1986,Savings,2022-09-10,Dormant,,BR005
2357,1934,Savings,2022-01-20,Active,,BR005
2358,1654,Current,2023-11-29,Active,,BR002
2359,1680,Salary,2023-09-03,Active,,BR001
2360,1899,Salary,2018-08-16,Active,,BR002
2361,1184,Salary,2023-01-09,Active,,BR005
2362,1726,Savings,2022-09-07,Active,,BR003
2363,1773,Current,2023-06-03,Active,,BR001
2364,1128,Salary,2023-07-28,Active,,BR001
2365,1882,Salary,2023-11-24,Active,,BR002
2366,1700,Savings,2022-11-20,Active,,BR002
2367,1348,Salary,2023-07-15,Dormant,,BR001
2368,1485,Savings,2020-09-03,Active,,BR003
2369,1490,Savings,2022-07-01,Active,,BR003
2370,1919,Salary,2022-01-26,Active,,BR001
2371,1970,Salary,2021-07-22,Active,,BR002
2372,1807,Salary,2020-09-17,Active,,BR004
2373,1653,Current,2023-01-07,Active,,BR005
2374,1105,Current,2022-12-20,Active,,BR005
2375,1915,Current,2024-02-12,Active,,BR003
2376,1134,Current,2023-05-23,Active,,BR001
2377,1167,Current,2024-07-11,Active,,BR005
2378,1070,Savings,2022-09-16,Active,,BR005
2379,1948,Salary,2020-11-22,Active,,BR002
2380,1494,Current,2021-04-01,Active,,BR003
2381,1236,Current,2022-09-09,Active,,BR001
2382,1081,Salary,2024-06-05,Active,,BR005
2383,1412,Current,2020-03-19,Dormant,,BR004
2384,1724,Current,2017-01-10,Closed,2024-01-16,BR001
2385,1995,Savings,2021-01-17,Active,,BR004
2386,1553,Savings,2023-09-05,Active,,BR003
2387,1608,Current,2022-10-29,Active,,BR003
2388,1836,Current,2024-08-04,Active,,BR002
2389,1902,Salary,2024-01-24,Dormant,,BR005
2390,1280,Salary,2020-09-24,Active,,BR003
2391,1992,Salary,2022-08-03,Closed,2025-06-16,BR005
2392,1520,Current,2023-10-17,Active,,BR001
2393,1931,Savings,2020-03-03,Active,,BR003
2394,1118,Salary,2021-06-13,Dormant,,BR002
2395,1098,Salary,2022-10-11,Active,,BR005
2396,1885,Current,2024-02-05,Dormant,,BR003
2397,1673,Salary,2023-11-10,Active,,BR004
2398,1176,Salary,2022-10-24,Dormant,,BR001
2399,1895,Current,2023-08-11,Active,,BR004
2400,1103,Savings,2023-11-06,Active,,BR001
2401,1683,Savings,2024-01-31,Dormant,,BR002
2402,1206,Salary,2019-05-02,Active,,BR002
2403,1071,Current,2022-10-03,Active,,BR001
2404,1807,Savings,2023-06-10,Dormant,,BR003
2405,1848,Savings,2021-05-12,Active,,BR002
2406,1106,Salary,2022-07-30,Dormant,,BR003
2407,1094,Savings,2023-12-01,Active,,BR004
2408,1615,Savings,2024-07-27,Active,,BR001
2409,1029,Current,2022-11-27,Active,,BR004
2410,1747,Current,2020-12-23,Active,,BR002
2411,1916,Salary,2024-04-22,Closed,2024-12-09,BR002
2412,1752,Salary,2018-09-03,Active,,BR003
2413,1231,Current,2021-08-20,Active,,BR004
2414,1191,Savings,2024-02-20,Active,,BR004
2415,1681,Salary,2023-02-06,Active,,BR001
2416,1062,Current,2022-05-03,Active,,BR003
2417,1538,Salary,2017-03-19,Dormant,,BR002
2418,1449,Current,2021-07-20,Dormant,,BR002
2419,1745,Savings,2023-10-10,Dormant,,BR005
2420,1203,Salary,2023-03-15,Active,,BR001
2421,1763,Savings,2023-07-19,Active,,BR003
2422,1700,Salary,2017-09-16,Active,,BR003
2423,1239,Salary,2022-09-09,Active,,BR002
2424,1357,Savings,2018-02-03,Active,,BR004
2425,1067,Salary,2022-12-31,Active,,BR003
2426,1450,Savings,2021-03-12,Active,,BR004
2427,1261,Current,2023-07-02,Dormant,,BR002
2428,1114,Current,2020-08-10,Dormant,,BR005
2429,1560,Current,2022-11-29,Dormant,,BR004
2430,1568,Current,2019-04-15,Active,,BR002
2431,1086,Current,2022-05-29,Closed,2023-08-10,BR005
2432,1186,Current,2019-04-06,Active,,BR005
2433,1083,Salary,2017-01-07,Active,,BR003
2434,1679,Savings,2021-08-10,Active,,BR001
2435,1339,Salary,2017-05-30,Active,,BR003
2436,1072,Savings,2019-07-16,Active,,BR004
2437,1192,Savings,2022-12-24,Active,,BR002
2438,1976,Salary,2017-09-01,Active,,BR001
2439,1256,Savings,2021-08-22,Active,,BR003
2440,1685,Salary,2021-09-28,Dormant,,BR005
2441,1469,Savings,2021-06-02,Active,,BR002
2442,1182,Savings,2021-09-25,Active,,BR003
2443,1308,Salary,2023-10-07,Active,,BR001
2444,1015,Savings,2021-08-11,Dormant,,BR004
2445,1747,Salary,2020-09-12,Active,,BR005
2446,1335,Current,2021-01-02,Active,,BR004
2447,1500,Salary,2022-11-23,Active,,BR003
2448,1153,Salary,2024-06-05,Active,,BR001
2449,1825,Savings,2024-04-23,Active,,BR003
2450,1219,Savings,2022-05-16,Active,,BR005
2451,1567,Current,2020-05-29,Active,,BR001
2452,1873,Salary,2019-11-19,Active,,BR002
2453,1714,Savings,2021-12-04,Active,,BR005
2454,1604,Savings,2020-05-27,Active,,BR003
2455,1889,Current,2020-04-26,Active,,BR001
2456,1177,Savings,2022-01-21,Active,,BR001
2457,1964,Savings,2022-12-15,Active,,BR003
2458,1557,Savings,2024-01-20,Active,,BR003
2459,1410,Salary,2018-06-09,Active,,BR005
2460,1256,Salary,2023-12-18,Active,,BR005
2461,1745,Savings,2022-04-14,Active,,BR003
2462,1977,Current,2023-11-26,Active,,BR003
2463,1691,Current,2024-05-26,Active,,BR005
2464,1033,Current,2018-03-25,Active,,BR004
2465,1470,Salary,2024-02-07,Active,,BR002
2466,1733,Current,2023-07-09,Active,,BR004
2467,1398,Salary,2023-02-24,Dormant,,BR004
2468,1773,Savings,2017-02-13,Active,,BR002
2469,1708,Savings,2021-04-21,Active,,BR005
2470,1068,Current,2020-06-16,Dormant,,BR002
2471,1558,Salary,2023-01-14,Active,,BR003
2472,1172,Current,2019-02-12,Active,,BR003
2473,1487,Current,2022-02-15,Active,,BR004
2474,1385,Savings,2021-06-06,Closed,2023-08-07,BR005
2475,1807,Current,2022-07-27,Closed,2022-08-25,BR002
2476,1869,Salary,2020-03-29,Active,,BR002
2477,1462,Current,2018-05-11,Dormant,,BR004
2478,1537,Savings,2024-03-16,Active,,BR005
2479,1627,Salary,2019-12-05,Active,,BR005
2480,1656,Salary,2020-05-23,Active,,BR004
2481,1636,Current,2022-09-21,Active,,BR004
2482,1784,Current,2016-09-03,Active,,BR004
2483,1982,Current,2022-06-01,Dormant,,BR005
2484,1829,Salary,2024-05-02,Active,,BR001
2485,1135,Current,2022-09-14,Active,,BR003
2486,1477,Savings,2023-12-24,Active,,BR001
2487,1462,Savings,2020-08-14,Active,,BR003
2488,1509,Salary,2020-03-22,Active,,BR002
2489,1529,Salary,2024-01-26,Closed,2024-11-05,BR002
2490,1719,Salary,2021-10-05,Active,,BR005
2491,1422,Savings,2022-04-16,Active,,BR004
2492,1264,Savings,2023-05-26,Active,,BR003
2493,1458,Current,2024-04-23,Closed,2024-05-05,BR005
2494,1855,Savings,2019-01-26,Closed,2019-04-18,BR001
2495,1312,Current,2024-06-28,Active,,BR004
2496,1021,Current,2021-12-30,Active,,BR001
2497,1977,Savings,2024-08-11,Active,,BR002
2498,1196,Savings,2019-04-10,Dormant,,BR001
2499,1603,Current,2023-04-19,Dormant,,BR003
2500,1801,Salary,2021-03-19,Dormant,,BR004
2501,1275,Current,2020-11-25,Active,,BR004
2502,1341,Savings,2021-07-29,Active,,BR003
2503,1281,Savings,2021-05-19,Active,,BR005
2504,1150,Current,2021-10-06,Active,,BR002
2505,1153,Savings,2023-06-01,Active,,BR001
2506,1187,Salary,2022-11-07,Active,,BR001
2507,1459,Salary,2023-10-26,Active,,BR001
2508,1531,Savings,2021-02-17,Dormant,,BR003
2509,1016,Salary,2024-06-21,Dormant,,BR003
2510,1847,Savings,2017-03-26,Dormant,,BR005
2511,1676,Current,2023-07-14,Dormant,,BR001
2512,1071,Salary,2023-03-01,Active,,BR002
2513,1843,Savings,2024-01-16,Active,,BR005
2514,1031,Savings,2023-06-02,Active,,BR001
2515,1561,Savings,2023-03-02,Active,,BR003
2516,1466,Salary,2024-03-12,Active,,BR001
2517,1503,Savings,2024-06-06,Active,,BR003
2518,1957,Current,2022-11-29,Dormant,,BR005
2519,1928,Current,2023-05-31,Active,,BR002
2520,1280,Salary,2019-08-30,Closed,2022-12-03,BR002
2521,1580,Salary,2018-02-11,Closed,2021-11-30,BR003
2522,1960,Salary,2020-04-10,Dormant,,BR004
2523,1729,Salary,2022-08-30,Active,,BR005
2524,1888,Current,2021-02-23,Dormant,,BR001
2525,1435,Current,2019-07-16,Dormant,,BR003
2526,1284,Savings,2020-08-08,Dormant,,BR004
2527,1511,Salary,2024-08-08,Active,,BR001
2528,1817,Current,2022-04-09,Active,,BR005
2529,1929,Current,2023-04-03,Closed,2025-07-10,BR002
2530,1686,Savings,2022-07-23,Active,,BR003
2531,1707,Savings,2016-04-11,Active,,BR005
2532,1512,Current,2022-06-29,Active,,BR004
2533,1320,Current,2024-03-25,Active,,BR005
2534,1423,Current,2023-03-23,Active,,BR004
2535,1498,Savings,2023-05-06,Closed,2024-06-19,BR002
2536,1816,Savings,2023-06-16,Dormant,,BR004
2537,1556,Salary,2022-02-09,Closed,2025-06-26,BR004
2538,1794,Current,2023-09-06,Active,,BR002
2539,1028,Current,2024-07-15,Active,,BR001
2540,1757,Savings,2022-11-23,Active,,BR004
2541,1508,Current,2021-10-20,Active,,BR003
2542,1999,Current,2024-07-13,Active,,BR004
2543,1472,Current,2023-01-11,Dormant,,BR001
2544,1479,Salary,2024-01-18,Closed,2025-04-06,BR003
2545,1128,Salary,2023-04-20,Active,,BR005
2546,1807,Savings,2024-01-29,Active,,BR005
2547,1702,Current,2022-06-22,Active,,BR005
2548,1863,Salary,2021-08-30,Active,,BR002
2549,1093,Current,2023-02-08,Active,,BR001
2550,1212,Savings,2023-06-13,Active,,BR003
2551,1877,Savings,2021-06-26,Active,,BR003
2552,1043,Salary,2023-04-24,Active,,BR002
2553,1509,Salary,2023-03-11,Dormant,,BR001
2554,1405,Savings,2021-10-23,Active,,BR001
2555,1940,Current,2021-10-28,Active,,BR002
2556,1857,Current,2019-11-13,Active,,BR004
2557,1897,Savings,2023-04-24,Active,,BR001
2558,1290,Current,2022-07-06,Active,,BR001
2559,1588,Salary,2020-09-02,Dormant,,BR002
2560,1701,Savings,2019-12-06,Dormant,,BR005
2561,1968,Savings,2018-11-21,Active,,BR005
2562,1008,Current,2021-03-31,Active,,BR003
2563,1978,Savings,2023-12-23,Active,,BR001
2564,1356,Salary,2024-06-24,Active,,BR001
2565,1129,Current,2020-07-15,Active,,BR005
2566,1616,Savings,2020-12-08,Dormant,,BR003
2567,1782,Current,2023-10-14,Active,,BR001
2568,1130,Salary,2022-10-10,Active,,BR005
2569,1041,Current,2019-05-02,Active,,BR003
2570,1897,Current,2022-09-28,Active,,BR002
2571,1934,Savings,2021-09-25,Closed,2023-01-08,BR003
2572,1157,Savings,2018-03-27,Active,,BR002
2573,1905,Savings,2021-04-08,Active,,BR005
2574,1910,Savings,2023-10-11,Active,,BR004
2575,1998,Savings,2023-03-20,Dormant,,BR001
2576,1217,Current,2017-11-12,Active,,BR004
2577,1579,Savings,2023-10-30,Active,,BR001
2578,1995,Current,2024-02-02,Active,,BR003
2579,1903,Salary,2024-04-15,Active,,BR004
2580,1605,Salary,2024-01-27,Dormant,,BR001
2581,1198,Current,2017-08-15,Active,,BR004
2582,1085,Savings,2021-08-19,Active,,BR002
2583,1260,Current,2021-04-12,Active,,BR004
2584,1066,Salary,2019-03-18,Active,,BR003
2585,1196,Current,2017-10-19,Active,,BR001
2586,1075,Salary,2022-03-29,Dormant,,BR004
2587,1763,Salary,2024-01-05,Active,,BR002
2588,1590,Savings,2023-04-14,Active,,BR005
2589,1518,Savings,2019-09-26,Active,,BR005
2590,1810,Savings,2023-11-13,Active,,BR001
2591,1411,Savings,2018-03-09,Active,,BR004
2592,1403,Savings,2024-08-18,Active,,BR002
2593,1207,Current,2023-06-25,Active,,BR004
2594,1445,Current,2020-11-02,Active,,BR003
2595,1175,Current,2023-12-27,Closed,2025-06-09,BR002
2596,1590,Salary,2024-04-03,Active,,BR004
2597,1998,Salary,2024-06-07,Active,,BR002
2598,1534,Salary,2018-12-27,Active,,BR005
2599,1300,Salary,2021-06-17,Active,,BR005
2600,1689,Current,2024-07-12,Active,,BR001
2601,1821,Salary,2022-12-08,Active,,BR004
2602,1472,Current,2022-08-27,Active,,BR005
2603,1251,Savings,2023-10-30,Dormant,,BR001
2604,1714,Savings,2022-12-20,Dormant,,BR004
2605,1188,Savings,2021-08-06,Active,,BR005
2606,1998,Salary,2021-12-09,Closed,2023-09-07,BR002
2607,1318,Savings,2023-11-29,Closed,2024-11-20,BR003
2608,1351,Salary,2020-06-22,Active,,BR004
2609,1727,Salary,2023-02-24,Active,,BR002
2610,1013,Current,2024-01-25,Active,,BR002
2611,1203,Salary,2022-05-13,Active,,BR002
2612,1126,Salary,2021-05-23,Active,,BR002
2613,1392,Salary,2017-07-02,Active,,BR004
2614,1554,Current,2021-09-23,Closed,2022-02-10,BR002
2615,1180,Savings,2023-02-27,Active,,BR002
2616,1345,Savings,2023-11-06,Dormant,,BR005
2617,1773,Salary,2024-06-14,Active,,BR003
2618,1940,Salary,2022-09-05,Active,,BR005
2619,1015,Current,2023-01-13,Dormant,,BR004
2620,1628,Savings,2018-12-01,Active,,BR005
2621,1026,Salary,2022-12-09,Active,,BR001
2622,1521,Savings,2019-07-16,Active,,BR005
2623,1880,Current,2023-07-20,Active,,BR005
2624,1799,Current,2019-03-18,Active,,BR001
2625,1233,Savings,2023-10-24,Active,,BR002
2626,1259,Savings,2019-05-03,Active,,BR003
2627,1784,Savings,2020-02-06,Active,,BR003
2628,1820,Salary,2023-10-12,Active,,BR004
2629,1281,Salary,2019-04-12,Active,,BR004
2630,1004,Current,2024-03-17,Active,,BR002
2631,1445,Current,2021-02-07,Active,,BR004
2632,1620,Current,2020-10-19,Active,,BR005
2633,1444,Current,2024-07-17,Active,,BR003
2634,1935,Current,2022-08-02,Active,,BR005
2635,1814,Current,2018-03-12,Active,,BR004
2636,1788,Current,2022-05-20,Active,,BR005
2637,1021,Current,2021-07-29,Closed,2022-06-03,BR005
2638,1854,Current,2019-07-05,Active,,BR001
2639,1756,Salary,2020-06-20,Active,,BR005
2640,1397,Savings,2020-05-06,Active,,BR001
2641,1590,Savings,2023-03-28,Active,,BR005
2642,1825,Current,2021-10-22,Active,,BR005
2643,1907,Savings,2021-04-16,Active,,BR002
2644,1551,Savings,2022-12-13,Active,,BR001
2645,1042,Salary,2022-05-17,Active,,BR003
2646,1619,Current,2019-12-25,Active,,BR002
2647,1681,Current,2024-06-14,Dormant,,BR003
2648,1059,Salary,2023-02-17,Active,,BR001
2649,1818,Savings,2021-05-11,Closed,2023-07-20,BR001
2650,1202,Current,2024-08-11,Active,,BR003
2651,1891,Savings,2021-06-21,Dormant,,BR004
2652,1551,Current,2022-08-21,Active,,BR002
2653,1323,Savings,2022-03-08,Active,,BR002
2654,1059,Salary,2023-01-28,Active,,BR001
2655,1018,Savings,2020-06-14,Active,,BR002
2656,1742,Savings,2022-03-05,Active,,BR002
2657,1378,Savings,2021-12-07,Active,,BR002
2658,1841,Savings,2020-04-16,Active,,BR002
2659,1231,Savings,2024-03-08,Active,,BR002
2660,1921,Savings,2024-01-25,Closed,2024-06-20,BR004
2661,1942,Salary,2023-09-22,Active,,BR002
2662,1102,Salary,2018-07-13,Active,,BR004
2663,1647,Salary,2021-07-11,Active,,BR004
2664,1940,Salary,2022-07-29,Active,,BR004
2665,1324,Salary,2023-09-10,Dormant,,BR003
2666,1068,Current,2021-02-12,Active,,BR005
2667,1876,Current,2021-06-17,Active,,BR002
2668,1475,Current,2020-11-30,Active,,BR005
2669,1028,Savings,2024-04-17,Active,,BR002
2670,1841,Current,2024-03-10,Active,,BR001
2671,1679,Salary,2020-03-20,Closed,2023-06-02,BR005
2672,1071,Savings,2023-02-04,Active,,BR005
2673,1259,Salary,2020-12-22,Active,,BR001
2674,1019,Salary,2024-02-23,Active,,BR003
2675,1955,Current,2024-08-07,Active,,BR003
2676,1025,Current,2023-01-13,Closed,2023-03-27,BR002
2677,1796,Savings,2022-12-21,Active,,BR003
2678,1512,Savings,2024-06-12,Active,,BR004
2679,1583,Savings,2023-04-04,Active,,BR003
2680,1812,Salary,2023-03-31,Active,,BR003
2681,1895,Current,2024-02-02,Active,,BR005
2682,1128,Savings,2022-12-12,Active,,BR002
2683,1018,Current,2016-10-22,Dormant,,BR004
2684,1125,Salary,2024-02-12,Active,,BR002
2685,1683,Savings,2024-06-02,Active,,BR005
2686,1569,Savings,2022-02-08,Active,,BR002
2687,1084,Salary,2023-05-10,Active,,BR005
2688,1235,Salary,2021-06-04,Active,,BR004
2689,1538,Current,2017-07-05,Active,,BR002
2690,1731,Salary,2024-08-15,Active,,BR004
2691,1344,Current,2019-11-15,Dormant,,BR002
2692,1950,Current,2021-08-18,Active,,BR002
2693,1993,Savings,2017-04-30,Active,,BR002
2694,1767,Salary,2023-05-14,Active,,BR004
2695,1455,Salary,2024-03-21,Active,,BR002
2696,1878,Savings,2023-07-22,Active,,BR003
2697,1728,Salary,2021-05-16,Dormant,,BR003
2698,1520,Salary,2023-11-28,Active,,BR001
2699,1444,Savings,2024-07-04,Active,,BR002
2700,1833,Savings,2023-11-24,Closed,2024-04-24,BR002
2701,1558,Current,2023-02-06,Active,,BR002
2702,1183,Current,2022-06-12,Active,,BR005
2703,2000,Current,2023-10-02,Active,,BR002
2704,1069,Current,2018-09-21,Active,,BR003
2705,1696,Salary,2022-05-17,Active,,BR004
2706,1656,Current,2020-01-05,Active,,BR004
2707,1587,Savings,2024-03-17,Active,,BR004
2708,1052,Savings,2021-10-08,Active,,BR003
2709,1493,Salary,2023-11-16,Active,,BR005
2710,1893,Salary,2023-10-18,Dormant,,BR005
2711,1240,Current,2021-07-12,Active,,BR002
2712,1692,Savings,2023-03-10,Active,,BR001
2713,1859,Savings,2024-02-14,Active,,BR002
2714,1953,Savings,2021-03-25,Active,,BR005
2715,1517,Savings,2024-04-16,Active,,BR005
2716,1314,Current,2019-11-01,Active,,BR004
2717,1700,Savings,2021-02-21,Active,,BR004
2718,1487,Savings,2021-07-16,Active,,BR002
2719,1628,Savings,2022-09-27,Active,,BR003
2720,1742,Salary,2024-03-01,Active,,BR001
2721,1711,Current,2022-04-27,Active,,BR003
2722,1243,Savings,2017-10-24,Active,,BR001
2723,1756,Salary,2021-06-20,Active,,BR001
2724,1542,Current,2021-04-27,Active,,BR005
2725,1931,Savings,2023-06-20,Active,,BR005
2726,1660,Salary,2022-12-27,Active,,BR004
2727,1892,Salary,2022-06-13,Active,,BR004
2728,1979,Current,2024-03-29,Active,,BR002
2729,1995,Savings,2020-04-10,Active,,BR003
2730,1745,Savings,2022-04-23,Active,,BR004
2731,1598,Current,2021-12-10,Closed,2024-05-06,BR003
2732,1119,Salary,2024-02-13,Active,,BR002
2733,1387,Salary,2017-09-15,Dormant,,BR002
2734,1476,Salary,2023-07-22,Active,,BR005
2735,1781,Salary,2024-04-08,Active,,BR002
2736,1589,Current,2024-02-07,Active,,BR005
2737,1440,Current,2024-05-04,Active,,BR004
2738,1147,Salary,2016-05-22,Active,,BR005
2739,1716,Salary,2023-02-04,Dormant,,BR003
2740,1432,Current,2023-02-11,Active,,BR002
2741,1037,Savings,2023-12-28,Active,,BR001
2742,1285,Salary,2022-07-29,Active,,BR003
2743,1880,Savings,2022-11-24,Active,,BR002
2744,1119,Current,2019-10-06,Dormant,,BR001
2745,1407,Current,2019-09-12,Active,,BR005
2746,1513,Salary,2023-05-07,Active,,BR005
2747,1084,Savings,2022-11-28,Closed,2024-07-11,BR002
2748,1166,Current,2023-07-13,Closed,2025-07-09,BR004
2749,1941,Current,2023-12-07,Active,,BR003
2750,1591,Savings,2023-06-24,Active,,BR003
2751,1211,Savings,2021-10-04,Dormant,,BR004
2752,1170,Current,2016-03-11,Active,,BR003
2753,1426,Salary,2022-01-03,Active,,BR005
2754,1724,Current,2020-02-18,Active,,BR001
2755,1731,Salary,2021-11-11,Closed,2025-03-08,BR004
2756,1196,Salary,2018-02-12,Closed,2024-02-23,BR005
2757,1726,Salary,2022-11-14,Active,,BR005
2758,1897,Salary,2024-03-24,Active,,BR001
2759,1227,Salary,2023-05-24,Active,,BR001
2760,1027,Salary,2024-07-02,Active,,BR004
2761,1959,Savings,2023-08-19,Dormant,,BR005
2762,1522,Salary,2019-02-26,Active,,BR005
2763,1777,Savings,2024-03-30,Active,,BR005
2764,1321,Salary,2019-05-02,Active,,BR001
2765,1300,Current,2021-08-19,Active,,BR003
2766,1226,Salary,2019-07-12,Dormant,,BR004
2767,1218,Current,2019-02-19,Active,,BR004
2768,1472,Current,2023-04-20,Dormant,,BR004
2769,1106,Current,2022-11-28,Active,,BR002
2770,1843,Current,2024-06-03,Active,,BR003
2771,1512,Current,2024-07-21,Active,,BR003
2772,1916,Current,2021-12-22,Active,,BR005
2773,1503,Current,2024-01-08,Active,,BR002
2774,1304,Current,2022-11-29,Active,,BR002
2775,1515,Savings,2023-08-16,Active,,BR001
2776,1155,Current,2019-05-03,Active,,BR001
2777,1825,Savings,2024-01-23,Active,,BR005
2778,1721,Savings,2018-07-19,Active,,BR005
2779,1148,Current,2019-12-10,Active,,BR002
2780,1582,Savings,2024-04-09,Active,,BR004
2781,1538,Current,2022-04-28,Dormant,,BR003
2782,1202,Salary,2023-12-25,Active,,BR005
2783,1123,Salary,2021-01-07,Active,,BR002
2784,1761,Savings,2021-04-27,Active,,BR005
2785,1265,Current,2024-02-29,Dormant,,BR002
2786,1519,Current,2021-02-06,Active,,BR004
2787,1248,Salary,2023-03-11,Active,,BR002
2788,1654,Current,2024-06-15,Closed,2024-06-15,BR004
2789,1049,Salary,2021-12-28,Active,,BR002
2790,1360,Salary,2022-08-16,Dormant,,BR005
2791,1548,Savings,2021-09-29,Active,,BR004
2792,1440,Current,2023-09-05,Closed,2024-10-22,BR002
2793,1613,Current,2022-02-15,Closed,2022-11-28,BR005
2794,1181,Current,2024-06-25,Closed,2024-10-07,BR004
2795,1442,Current,2023-02-26,Active,,BR003
2796,1757,Savings,2023-01-14,Dormant,,BR001
2797,1334,Current,2023-08-27,Dormant,,BR005
2798,1158,Salary,2024-02-27,Active,,BR004
2799,1848,Savings,2022-08-30,Active,,BR004
2800,1779,Current,2019-09-13,Closed,2020-12-05,BR005
2801,1681,Salary,2021-08-04,Active,,BR004
2802,1799,Current,2022-06-05,Active,,BR002
2803,1779,Salary,2018-10-21,Active,,BR002
2804,1747,Current,2020-04-25,Active,,BR001
2805,1510,Savings,2024-07-06,Active,,BR001
2806,1020,Salary,2021-10-19,Active,,BR004
2807,1598,Savings,2023-09-03,Active,,BR005
2808,1274,Savings,2023-08-06,Dormant,,BR001
2809,1774,Savings,2021-09-17,Active,,BR003
2810,1469,Salary,2017-07-26,Active,,BR001
2811,1906,Salary,2022-06-29,Active,,BR003
2812,1596,Savings,2022-01-24,Dormant,,BR004
2813,1551,Current,2023-02-22,Closed,2024-03-29,BR005
2814,1920,Current,2021-12-31,Active,,BR005
2815,1476,Savings,2023-05-09,Active,,BR002
2816,1376,Salary,2021-04-03,Active,,BR005
2817,1372,Salary,2022-01-28,Active,,BR004
2818,1876,Current,2021-12-07,Active,,BR002
2819,1757,Current,2021-10-13,Active,,BR002
2820,1164,Salary,2020-08-17,Active,,BR001
2821,1493,Current,2024-07-28,Active,,BR005
2822,1372,Current,2024-08-09,Active,,BR002
2823,1647,Current,2021-11-27,Dormant,,BR002
2824,1053,Current,2024-04-08,Active,,BR003
2825,1715,Current,2023-10-27,Active,,BR001
2826,1743,Savings,2021-03-17,Active,,BR005
2827,1227,Current,2024-04-21,Dormant,,BR004
2828,1151,Current,2023-05-19,Active,,BR001
2829,1628,Savings,2022-04-16,Active,,BR001
2830,1258,Current,2021-10-08,Active,,BR001
2831,1942,Current,2020-08-25,Active,,BR005
2832,1776,Current,2024-04-07,Closed,2024-06-04,BR003
2833,1956,Salary,2022-08-03,Active,,BR004
2834,1535,Current,2021-11-11,Active,,BR001
2835,1939,Current,2020-11-30,Active,,BR002
2836,1014,Savings,2023-11-25,Active,,BR003
2837,1290,Salary,2020-09-23,Active,,BR002
2838,1003,Savings,2021-05-06,Active,,BR004
2839,1678,Current,2023-08-27,Active,,BR005
2840,1511,Savings,2023-12-11,Active,,BR002
2841,1288,Salary,2023-01-19,Dormant,,BR004
2842,1305,Current,2023-04-26,Closed,2024-07-04,BR005
2843,1644,Savings,2023-10-21,Dormant,,BR005
2844,1181,Savings,2024-01-29,Active,,BR001
2845,1515,Salary,2024-04-01,Active,,BR001
2846,1614,Current,2023-09-04,Active,,BR005
2847,1240,Savings,2024-05-30,Closed,2024-08-07,BR005
2848,1229,Salary,2020-03-26,Active,,BR002
2849,1355,Savings,2024-04-26,Active,,BR003
2850,1593,Current,2018-10-17,Active,,BR003
2851,1255,Savings,2024-03-26,Dormant,,BR004
2852,1380,Savings,2018-01-28,Closed,2021-10-26,BR004
2853,1544,Savings,2018-11-30,Dormant,,BR002
2854,1187,Savings,2018-06-11,Active,,BR005
2855,1569,Salary,2023-02-09,Active,,BR001
2856,1139,Current,2018-06-13,Active,,BR001
2857,1143,Salary,2017-12-20,Active,,BR005
2858,1237,Savings,2022-10-22,Closed,2024-07-11,BR001
2859,1287,Salary,2024-06-02,Active,,BR005
2860,1030,Savings,2022-01-25,Active,,BR002
2861,1962,Savings,2021-06-19,Active,,BR002
2862,1309,Savings,2022-06-04,Active,,BR001
2863,1805,Salary,2023-04-02,Active,,BR005
2864,1902,Salary,2019-04-25,Active,,BR002
2865,1801,Salary,2020-12-22,Dormant,,BR001
2866,1832,Salary,2017-08-04,Active,,BR003
2867,1101,Savings,2022-11-15,Active,,BR001
2868,1373,Salary,2022-10-10,Active,,BR004
2869,1747,Current,2021-07-08,Active,,BR001
2870,1576,Current,2018-12-16,Active,,BR003
2871,1006,Current,2022-10-09,Dormant,,BR002
2872,1568,Current,2023-09-13,Active,,BR001
2873,1805,Savings,2022-07-26,Closed,2023-02-07,BR001
2874,1829,Savings,2022-08-06,Active,,BR003
2875,1384,Current,2022-09-20,Active,,BR002
2876,1237,Current,2022-11-27,Active,,BR001
2877,1310,Salary,2020-03-06,Active,,BR001
2878,1297,Current,2024-05-28,Dormant,,BR005
2879,1347,Savings,2023-11-27,Active,,BR004
2880,1302,Current,2023-08-14,Active,,BR004
2881,1458,Current,2023-08-21,Active,,BR005
2882,1041,Salary,2021-08-19,Dormant,,BR001
2883,1276,Current,2020-07-26,Active,,BR004
2884,1315,Current,2022-05-24,Dormant,,BR004
2885,1154,Salary,2022-12-06,Active,,BR002
2886,1878,Current,2021-12-21,Dormant,,BR003
2887,1676,Salary,2021-12-21,Active,,BR004
2888,1912,Salary,2022-03-11,Active,,BR004
2889,1562,Salary,2017-01-06,Closed,2017-11-22,BR002
2890,1110,Salary,2024-03-27,Active,,BR004
2891,1905,Current,2019-11-24,Active,,BR004
2892,1459,Savings,2024-07-30,Active,,BR001
2893,1685,Current,2022-02-16,Active,,BR003
2894,1382,Savings,2023-10-20,Active,,BR003
2895,1495,Current,2019-10-02,Active,,BR002
2896,1490,Salary,2021-12-01,Dormant,,BR001
2897,1285,Current,2023-04-06,Dormant,,BR001
2898,1555,Savings,2024-05-11,Active,,BR004
2899,1734,Savings,2022-06-02,Active,,BR005
2900,1021,Salary,2022-05-10,Dormant,,BR003
2901,1131,Salary,2024-08-09,Active,,BR005
2902,1843,Current,2023-05-11,Active,,BR005
2903,1570,Salary,2023-04-13,Active,,BR004
2904,1974,Salary,2020-04-30,Active,,BR003
2905,1605,Current,2024-03-29,Active,,BR005
2906,1654,Savings,2022-07-06,Active,,BR004
2907,1900,Salary,2021-10-12,Closed,2024-10-27,BR005
2908,1661,Current,2020-07-15,Active,,BR005
2909,1330,Salary,2021-10-08,Active,,BR001
2910,1528,Salary,2018-02-16,Active,,BR004
2911,1236,Current,2023-06-22,Active,,BR004
2912,1335,Current,2019-06-05,Dormant,,BR005
2913,1681,Savings,2024-08-01,Active,,BR002
2914,1149,Salary,2022-05-05,Closed,2024-09-18,BR005
2915,1672,Savings,2021-12-01,Active,,BR003
2916,1585,Current,2024-03-26,Active,,BR002
2917,1309,Current,2019-03-04,Active,,BR001
2918,1045,Savings,2016-10-20,Active,,BR002
2919,1705,Current,2022-08-07,Dormant,,BR005
2920,1825,Salary,2020-12-02,Active,,BR004
2921,1731,Savings,2024-04-26,Active,,BR004
2922,1421,Savings,2023-10-09,Active,,BR005
2923,1654,Savings,2024-04-20,Active,,BR002
2924,1415,Savings,2017-12-15,Dormant,,BR004
2925,1359,Savings,2017-07-15,Active,,BR002
2926,1328,Current,2024-04-24,Active,,BR005
2927,1211,Salary,2022-12-29,Active,,BR003
2928,1970,Salary,2023-11-11,Active,,BR005
2929,1667,Salary,2021-04-04,Active,,BR004
2930,1175,Salary,2022-08-07,Active,,BR004
2931,1866,Current,2023-03-13,Active,,BR005
2932,1152,Salary,2020-12-01,Active,,BR004
2933,1594,Savings,2023-10-04,Active,,BR002
2934,1166,Salary,2023-01-31,Closed,2023-09-24,BR003
2935,1362,Savings,2023-11-27,Active,,BR003
2936,1659,Salary,2016-07-16,Active,,BR001
2937,2000,Savings,2021-05-21,Active,,BR003
2938,1992,Savings,2021-05-20,Active,,BR003
2939,1896,Current,2020-10-27,Dormant,,BR002
2940,1236,Salary,2021-10-17,Active,,BR001
2941,1094,Savings,2021-08-30,Active,,BR003
2942,1906,Savings,2021-08-28,Closed,2025-02-11,BR003
2943,1924,Current,2019-07-04,Dormant,,BR001
2944,1279,Salary,2020-11-30,Dormant,,BR004
2945,1020,Salary,2023-12-16,Active,,BR001
2946,1648,Current,2020-05-22,Active,,BR001
2947,1077,Current,2021-01-16,Active,,BR003
2948,1041,Current,2017-10-02,Active,,BR002
2949,1938,Salary,2020-03-05,Active,,BR005
2950,1496,Savings,2021-09-05,Dormant,,BR001
2951,1113,Savings,2023-09-22,Active,,BR002
2952,1655,Savings,2022-02-01,Active,,BR004
2953,1370,Savings,2024-06-15,Active,,BR002
2954,1537,Current,2020-01-09,Active,,BR005
2955,1899,Salary,2016-08-26,Active,,BR004
2956,1238,Current,2019-02-15,Active,,BR005
2957,1647,Current,2021-03-22,Active,,BR005
2958,1829,Savings,2022-12-14,Active,,BR001
2959,1424,Current,2020-09-08,Active,,BR003
2960,1971,Savings,2019-08-04,Active,,BR004
2961,1449,Salary,2024-07-07,Active,,BR001
2962,1460,Current,2023-01-04,Active,,BR003
2963,1885,Current,2022-03-11,Active,,BR004
2964,1636,Salary,2024-05-04,Active,,BR004
2965,1869,Savings,2020-04-29,Active,,BR003
2966,1791,Current,2019-10-01,Dormant,,BR005
2967,1713,Current,2022-07-03,Active,,BR004
2968,1242,Savings,2022-01-24,Active,,BR001
2969,1399,Savings,2023-01-08,Closed,2023-07-31,BR002
2970,1865,Savings,2023-12-30,Dormant,,BR005
2971,1617,Savings,2021-10-18,Active,,BR001
2972,1281,Salary,2022-02-07,Active,,BR001
2973,1328,Savings,2022-04-08,Closed,2025-04-24,BR002
2974,1776,Savings,2023-07-04,Active,,BR005
2975,1179,Salary,2023-07-22,Active,,BR004
2976,1113,Current,2020-07-29,Active,,BR001
2977,1766,Salary,2023-10-28,Dormant,,BR002
2978,1289,Salary,2022-01-06,Active,,BR005
2979,1766,Savings,2023-08-22,Active,,BR002
2980,1534,Current,2021-09-18,Active,,BR003
2981,1998,Savings,2020-03-13,Dormant,,BR003
2982,1525,Current,2019-01-31,Active,,BR004
2983,1868,Salary,2024-07-29,Dormant,,BR004
2984,1851,Salary,2023-10-27,Active,,BR005
2985,1212,Salary,2021-09-25,Closed,2022-03-02,BR001
2986,1997,Savings,2021-04-25,Dormant,,BR003
2987,1746,Savings,2024-01-17,Active,,BR004
2988,1108,Current,2021-12-02,Active,,BR003
2989,1007,Savings,2024-07-11,Active,,BR004
2990,1272,Current,2019-11-20,Closed,2023-08-18,BR004
2991,1017,Salary,2023-12-18,Active,,BR002
2992,1358,Savings,2023-12-28,Active,,BR001
2993,1997,Salary,2020-01-23,Dormant,,BR005
2994,1479,Salary,2022-10-30,Active,,BR005
2995,1024,Salary,2023-09-18,Dormant,,BR005
2996,1494,Savings,2021-04-22,Active,,BR002
2997,1220,Savings,2023-11-02,Active,,BR002
2998,1857,Savings,2018-04-29,Active,,BR002
2999,1091,Savings,2022-12-22,Active,,BR001
3000,1771,Savings,2023-12-19,Active,,BR001
3001,1446,Current,2021-04-14,Closed,2021-05-13,BR002
3002,1019,Savings,2023-06-14,Active,,BR005
3003,1674,Savings,2021-10-18,Active,,BR002
3004,1456,Salary,2020-05-13,Dormant,,BR003
3005,1772,Salary,2023-12-18,Dormant,,BR003
3006,1619,Salary,2018-04-29,Active,,BR002
3007,1788,Savings,2021-04-08,Closed,2022-02-11,BR005
3008,1461,Current,2024-01-04,Active,,BR001
3009,1008,Current,2022-09-27,Active,,BR005
3010,1131,Savings,2023-07-12,Active,,BR004
3011,1459,Salary,2023-09-13,Dormant,,BR002
3012,1398,Current,2023-09-19,Active,,BR004
3013,1795,Salary,2024-08-14,Active,,BR003
3014,1412,Savings,2021-10-15,Dormant,,BR005
3015,1861,Current,2023-10-29,Active,,BR001
3016,1188,Savings,2021-03-15,Active,,BR001
3017,1385,Salary,2023-02-10,Active,,BR003
3018,1757,Current,2022-11-11,Active,,BR005
3019,1125,Savings,2023-08-08,Active,,BR001
3020,1322,Savings,2018-01-30,Active,,BR004
3021,1752,Current,2024-07-23,Closed,2024-12-17,BR005
3022,1589,Savings,2023-11-01,Active,,BR003
3023,1779,Savings,2020-01-24,Active,,BR005
3024,1516,Salary,2021-04-03,Active,,BR004
3025,1860,Salary,2023-02-01,Active,,BR002
3026,1878,Current,2022-01-26,Closed,2022-05-14,BR005
3027,1975,Salary,2023-08-29,Active,,BR004
3028,1123,Current,2024-03-16,Active,,BR001
3029,1592,Savings,2024-05-05,Active,,BR003
3030,1115,Salary,2021-07-05,Active,,BR004
3031,1229,Savings,2021-03-14,Active,,BR005
3032,1301,Salary,2018-11-08,Closed,2021-11-30,BR004
3033,1647,Current,2023-03-19,Active,,BR003
3034,1432,Savings,2022-07-25,Active,,BR002
3035,1865,Savings,2024-05-25,Active,,BR001
3036,1299,Salary,2023-10-06,Active,,BR001
3037,1618,Salary,2018-08-27,Active,,BR004
3038,1764,Current,2024-07-06,Active,,BR005
3039,1981,Savings,2020-12-16,Active,,BR001
3040,1246,Salary,2020-05-25,Active,,BR004
3041,1734,Salary,2023-03-01,Dormant,,BR003
3042,1085,Current,2024-06-18,Active,,BR001
3043,1544,Current,2022-01-13,Closed,2022-11-07,BR002
3044,1414,Salary,2023-08-25,Active,,BR002
3045,1959,Current,2024-02-21,Active,,BR004
3046,1774,Savings,2024-01-26,Dormant,,BR002
3047,1928,Savings,2023-08-31,Active,,BR005
3048,1851,Current,2024-06-22,Active,,BR002
3049,1411,Salary,2020-03-01,Active,,BR001
3050,1734,Salary,2022-11-27,Active,,BR001
3051,1031,Current,2024-07-22,Dormant,,BR003
3052,1558,Savings,2024-02-25,Active,,BR003
3053,1048,Current,2024-06-26,Dormant,,BR004
3054,1725,Savings,2023-06-29,Active,,BR003
3055,1967,Current,2024-05-04,Active,,BR001
3056,1682,Current,2022-06-04,Active,,BR002
3057,1840,Salary,2024-03-12,Dormant,,BR003
3058,1235,Salary,2020-06-25,Active,,BR002
3059,1994,Salary,2022-03-27,Dormant,,BR004
3060,1551,Savings,2023-12-12,Active,,BR005
3061,1675,Salary,2023-09-04,Active,,BR002
3062,1771,Savings,2024-06-23,Active,,BR003
3063,1640,Current,2023-09-10,Active,,BR005
3064,1318,Salary,2022-06-02,Closed,2022-09-23,BR002
3065,1612,Salary,2024-06-22,Active,,BR003
3066,1654,Current,2024-08-08,Active,,BR002
3067,1858,Savings,2017-08-20,Active,,BR004
3068,1482,Current,2023-03-03,Active,,BR004
3069,1502,Salary,2024-06-10,Active,,BR001
3070,1504,Current,2022-12-28,Dormant,,BR001
3071,1115,Current,2023-07-25,Active,,BR001
3072,1091,Current,2019-09-29,Active,,BR001
3073,1021,Current,2020-07-14,Active,,BR001
3074,1667,Savings,2023-07-27,Active,,BR004
3075,1419,Salary,2022-01-14,Active,,BR005
3076,1866,Savings,2023-02-13,Active,,BR003
3077,1703,Salary,2023-07-17,Active,,BR005
3078,1142,Savings,2019-08-05,Dormant,,BR004
3079,1101,Current,2023-06-24,Closed,2025-06-23,BR005
3080,1367,Current,2022-08-02,Closed,2025-07-02,BR004
3081,1921,Current,2024-02-11,Dormant,,BR001
3082,1049,Current,2022-04-02,Active,,BR003
3083,1188,Salary,2022-06-16,Active,,BR003
3084,1030,Savings,2021-08-19,Active,,BR004
3085,1414,Salary,2020-12-31,Active,,BR004
3086,1990,Salary,2024-04-07,Active,,BR001
3087,1684,Salary,2023-10-31,Active,,BR004
3088,1494,Savings,2023-04-03,Closed,2025-06-20,BR005
3089,1145,Savings,2024-07-29,Dormant,,BR001
3090,1356,Current,2024-05-21,Active,,BR003
3091,1525,Savings,2024-07-25,Active,,BR005
3092,1275,Salary,2022-04-14,Active,,BR001
3093,1706,Salary,2021-06-03,Active,,BR001
3094,1981,Current,2024-08-07,Dormant,,BR005
3095,1206,Salary,2022-03-13,Closed,2022-09-18,BR001
3096,1253,Savings,2018-12-15,Active,,BR004
3097,1127,Salary,2018-12-05,Active,,BR005
3098,1726,Savings,2018-09-10,Active,,BR003
3099,1462,Salary,2023-04-30,Active,,BR003
3100,1284,Current,2020-01-14,Active,,BR003
3101,1220,Current,2024-03-05,Active,,BR002
3102,1071,Savings,2023-06-19,Active,,BR002
3103,1477,Current,2022-07-31,Active,,BR003
3104,1684,Salary,2024-02-15,Active,,BR005
3105,1236,Salary,2023-11-02,Active,,BR005
3106,1002,Current,2023-11-14,Active,,BR005
3107,1474,Savings,2022-02-27,Dormant,,BR001
3108,1676,Current,2022-07-08,Active,,BR002
3109,1345,Salary,2023-03-04,Active,,BR004
3110,1251,Savings,2017-03-03,Active,,BR003
3111,1155,Salary,2021-02-06,Active,,BR002
3112,1747,Salary,2022-11-23,Active,,BR002
3113,1862,Salary,2023-02-14,Active,,BR001
3114,1770,Current,2024-08-18,Active,,BR002
3115,1519,Savings,2022-06-27,Closed,2023-08-29,BR003
3116,1725,Savings,2022-09-22,Active,,BR003
3117,1397,Salary,2024-04-23,Active,,BR003
3118,1025,Current,2022-05-25,Dormant,,BR002
3119,1368,Savings,2024-05-12,Active,,BR002
3120,1704,Salary,2019-02-28,Active,,BR005
3121,1648,Savings,2021-09-18,Dormant,,BR003
3122,1991,Salary,2021-01-16,Active,,BR002
3123,1998,Current,2024-08-09,Active,,BR004
3124,1243,Current,2018-06-19,Active,,BR003
3125,1010,Savings,2024-05-31,Active,,BR003
3126,1275,Savings,2020-12-12,Closed,2022-06-16,BR002
3127,1877,Salary,2021-04-17,Active,,BR004
3128,1814,Current,2022-03-16,Active,,BR001
3129,1099,Salary,2023-06-11,Active,,BR005
3130,1161,Salary,2023-12-18,Active,,BR003
3131,1564,Savings,2018-02-08,Active,,BR003
3132,1661,Current,2020-01-22,Active,,BR002
3133,1983,Salary,2022-07-07,Dormant,,BR003
3134,1756,Current,2019-05-14,Active,,BR004
3135,1212,Current,2021-08-19,Dormant,,BR003
3136,1038,Current,2024-06-10,Active,,BR001
3137,1634,Salary,2018-11-22,Active,,BR003
3138,1554,Salary,2020-10-23,Active,,BR002
3139,1922,Salary,2023-08-06,Dormant,,BR001
3140,1576,Current,2020-08-07,Active,,BR005
3141,1502,Current,2022-09-23,Active,,BR002
3142,1304,Current,2022-12-19,Dormant,,BR003
3143,1087,Savings,2022-12-12,Active,,BR001
3144,1877,Salary,2022-12-04,Active,,BR002
3145,1827,Savings,2024-02-10,Active,,BR002
3146,1163,Salary,2023-11-10,Active,,BR001
3147,1704,Current,2019-09-08,Active,,BR005
3148,1365,Salary,2016-11-25,Active,,BR002
3149,1438,Salary,2023-08-10,Closed,2024-03-28,BR003
3150,1849,Current,2022-07-22,Active,,BR003
3151,1843,Current,2023-11-01,Active,,BR003
3152,1191,Current,2021-08-17,Closed,2023-04-06,BR003
3153,1308,Current,2024-04-12,Active,,BR003
3154,1822,Savings,2023-03-06,Active,,BR001
3155,1917,Savings,2021-02-28,Active,,BR004
3156,1080,Salary,2024-05-08,Active,,BR001
3157,1834,Salary,2022-10-30,Active,,BR003
3158,1490,Savings,2022-04-22,Closed,2023-12-18,BR002
3159,1591,Savings,2022-06-04,Dormant,,BR003
3160,1076,Current,2021-03-25,Active,,BR001
3161,1681,Salary,2023-04-21,Active,,BR004
3162,1678,Salary,2022-09-09,Dormant,,BR003
3163,1663,Salary,2018-03-16,Active,,BR001
3164,1791,Savings,2022-07-09,Dormant,,BR001
3165,1947,Savings,2023-10-09,Active,,BR003
3166,1850,Current,2021-07-06,Active,,BR004
3167,1745,Savings,2023-03-07,Dormant,,BR003
3168,1982,Current,2021-10-19,Active,,BR004
3169,1675,Current,2022-03-30,Active,,BR004
3170,1673,Salary,2022-02-16,Dormant,,BR005
3171,1543,Savings,2019-04-14,Active,,BR005
3172,1770,Salary,2023-04-18,Active,,BR005
3173,1072,Salary,2019-08-22,Active,,BR004
3174,1506,Salary,2023-01-01,Active,,BR003
3175,1426,Salary,2022-07-27,Active,,BR003
3176,1913,Salary,2022-08-21,Active,,BR004
3177,1073,Savings,2020-10-08,Active,,BR001
3178,1644,Current,2023-10-05,Dormant,,BR004
3179,1185,Current,2020-10-17,Active,,BR003
3180,1884,Salary,2019-01-12,Active,,BR003
3181,1852,Savings,2024-04-24,Active,,BR005
3182,1236,Current,2022-07-01,Dormant,,BR004
3183,1872,Savings,2022-05-27,Active,,BR005
3184,1497,Savings,2016-12-07,Dormant,,BR005
3185,1972,Salary,2022-06-17,Active,,BR005
3186,1730,Savings,2024-02-23,Active,,BR002
3187,1035,Salary,2024-02-01,Closed,2024-10-18,BR001
3188,1203,Salary,2022-07-15,Dormant,,BR002
3189,1404,Salary,2024-06-14,Active,,BR004
3190,1212,Savings,2022-05-08,Active,,BR005
3191,1133,Savings,2019-06-26,Active,,BR005
3192,1979,Current,2018-11-16,Active,,BR004
3193,1870,Current,2022-01-08,Dormant,,BR004
3194,1435,Salary,2023-02-09,Dormant,,BR005
3195,1216,Current,2022-12-10,Active,,BR004
3196,1182,Savings,2022-09-07,Active,,BR001
3197,1916,Salary,2019-12-27,Active,,BR003
3198,1332,Salary,2022-08-16,Active,,BR002
3199,1013,Current,2023-11-26,Active,,BR004
3200,1398,Salary,2018-09-22,Active,,BR004
3201,1455,Salary,2022-06-05,Active,,BR002
3202,1624,Current,2024-02-23,Active,,BR002
3203,1339,Savings,2020-04-28,Closed,2021-11-06,BR001
3204,1924,Current,2022-09-14,Active,,BR002
3205,1644,Current,2022-03-21,Active,,BR005
3206,1987,Salary,2023-04-01,Active,,BR004
3207,1368,Salary,2022-03-22,Active,,BR005
3208,1652,Current,2023-04-27,Active,,BR005
3209,1366,Current,2023-07-27,Active,,BR005
3210,1700,Current,2023-11-07,Active,,BR001
3211,1746,Current,2020-05-08,Active,,BR002
3212,1322,Current,2024-01-21,Dormant,,BR001
3213,1938,Current,2021-09-24,Active,,BR001
3214,1858,Current,2021-03-09,Active,,BR002
3215,1895,Salary,2022-08-15,Active,,BR002
3216,1218,Savings,2019-11-03,Dormant,,BR001
3217,1718,Savings,2022-11-16,Active,,BR005
3218,1107,Salary,2022-11-19,Dormant,,BR003
3219,1106,Salary,2022-09-17,Active,,BR004
3220,1974,Current,2023-09-12,Active,,BR004
3221,1153,Current,2023-09-02,Active,,BR005
3222,1865,Current,2023-11-05,Active,,BR001
3223,1431,Current,2016-07-29,Active,,BR002
3224,1304,Savings,2022-12-13,Active,,BR002
3225,1074,Current,2023-06-06,Active,,BR003
3226,1676,Savings,2021-11-24,Active,,BR003
3227,1722,Savings,2024-04-27,Active,,BR004
3228,1468,Current,2024-03-19,Active,,BR003
3229,1810,Salary,2024-02-09,Dormant,,BR002
3230,1324,Savings,2024-06-11,Active,,BR003
3231,1552,Salary,2021-04-15,Dormant,,BR005
3232,1287,Current,2024-04-07,Active,,BR003
3233,1583,Salary,2018-06-05,Dormant,,BR003
3234,1137,Current,2022-04-01,Dormant,,BR001
3235,1477,Salary,2023-04-13,Active,,BR001
3236,1550,Current,2023-11-14,Closed,2025-07-09,BR002
3237,1557,Salary,2021-08-30,Active,,BR001
3238,1447,Current,2023-07-11,Active,,BR003
3239,1644,Current,2019-08-11,Dormant,,BR005
3240,1513,Current,2023-01-31,Active,,BR003
3241,1284,Salary,2022-08-03,Active,,BR004
3242,1216,Salary,2018-10-23,Active,,BR005
3243,1648,Savings,2022-03-27,Active,,BR004
3244,1939,Salary,2024-08-15,Active,,BR004
3245,1754,Salary,2024-05-15,Active,,BR004
3246,1639,Salary,2022-01-23,Active,,BR002
3247,1922,Current,2022-11-01,Active,,BR003
3248,1900,Current,2023-01-01,Active,,BR002
3249,1507,Salary,2020-03-19,Active,,BR004
3250,1110,Current,2023-06-19,Active,,BR003
3251,1635,Current,2021-01-11,Active,,BR005
3252,1623,Current,2022-03-13,Active,,BR001
3253,1278,Current,2022-09-19,Dormant,,BR001
3254,1850,Savings,2021-07-19,Closed,2025-06-22,BR004
3255,1870,Savings,2022-05-07,Active,,BR004
3256,1331,Savings,2023-05-09,Active,,BR004
3257,1477,Current,2022-10-11,Dormant,,BR002
3258,1196,Current,2018-02-20,Dormant,,BR001
3259,1179,Current,2023-11-24,Active,,BR002
3260,1266,Salary,2023-11-23,Active,,BR003
3261,1366,Savings,2020-10-08,Active,,BR003
3262,1273,Current,2018-07-23,Active,,BR005
3263,1152,Savings,2023-05-05,Closed,2024-01-27,BR005
3264,1448,Savings,2024-03-24,Active,,BR004
3265,1624,Current,2024-01-31,Active,,BR001
3266,1326,Savings,2023-02-02,Active,,BR001
3267,1534,Savings,2024-04-28,Dormant,,BR003
3268,1272,Salary,2017-06-28,Active,,BR004
3269,1704,Salary,2019-02-01,Dormant,,BR004
3270,1649,Savings,2023-08-21,Active,,BR002
3271,1961,Savings,2017-04-20,Active,,BR001
3272,1054,Savings,2023-06-23,Active,,BR002
3273,1854,Current,2022-03-29,Active,,BR004
3274,1341,Salary,2021-01-21,Closed,2022-01-19,BR005
3275,1067,Savings,2023-03-26,Active,,BR005
3276,1690,Savings,2022-06-04,Active,,BR003
3277,1172,Current,2019-09-12,Active,,BR001
3278,1176,Salary,2021-10-01,Active,,BR005
3279,1980,Current,2021-06-16,Active,,BR001
3280,1221,Salary,2024-01-30,Active,,BR002
3281,1548,Current,2021-04-11,Active,,BR005
3282,1201,Savings,2021-12-24,Active,,BR003
3283,1124,Current,2021-09-13,Active,,BR001
3284,1001,Salary,2019-07-26,Active,,BR003
3285,1017,Current,2023-10-14,Active,,BR001
3286,1474,Savings,2024-07-10,Active,,BR002
3287,1435,Savings,2019-02-22,Active,,BR005
3288,1039,Current,2020-12-31,Active,,BR002
3289,1350,Current,2017-11-15,Dormant,,BR005
3290,1273,Current,2020-03-25,Dormant,,BR003
3291,1572,Current,2022-06-20,Active,,BR004
3292,1995,Current,2021-11-02,Active,,BR004
3293,1692,Current,2022-10-25,Active,,BR003
3294,1919,Savings,2019-11-07,Active,,BR001
3295,1193,Current,2021-09-27,Active,,BR005
3296,1216,Current,2020-01-15,Active,,BR003
3297,1751,Salary,2023-10-26,Dormant,,BR004
3298,1311,Salary,2023-06-29,Active,,BR003
3299,1849,Current,2022-06-08,Active,,BR004
3300,1464,Savings,2019-03-24,Active,,BR002
3301,1201,Savings,2021-09-15,Active,,BR005
3302,1845,Savings,2021-10-15,Active,,BR002
3303,1551,Savings,2022-09-24,Active,,BR004
3304,1803,Salary,2020-09-29,Active,,BR003
3305,1453,Savings,2022-10-05,Dormant,,BR003
3306,1127,Savings,2019-06-28,Dormant,,BR001
3307,1682,Current,2022-07-21,Active,,BR002
3308,1125,Savings,2022-10-18,Closed,2024-04-06,BR001
3309,1664,Salary,2018-02-26,Active,,BR003
3310,1417,Salary,2024-01-30,Dormant,,BR004
3311,1792,Salary,2021-05-19,Active,,BR003
3312,1871,Current,2023-03-11,Active,,BR004
3313,1408,Current,2020-10-06,Active,,BR002
3314,1883,Current,2021-02-23,Active,,BR002
3315,1111,Savings,2018-12-10,Active,,BR003
3316,1108,Current,2021-07-24,Active,,BR002
3317,1994,Salary,2023-04-14,Active,,BR005
3318,1575,Savings,2017-09-21,Active,,BR005
3319,1451,Savings,2023-12-25,Active,,BR003
3320,1156,Current,2023-12-19,Closed,2024-07-20,BR004
3321,1289,Current,2024-02-29,Active,,BR001
3322,1687,Salary,2020-06-07,Closed,2025-06-27,BR001
3323,1822,Salary,2021-05-14,Active,,BR002
3324,1917,Salary,2023-08-04,Active,,BR002
3325,1408,Current,2022-03-09,Active,,BR002
3326,1455,Salary,2021-10-24,Active,,BR003
3327,1164,Savings,2022-04-21,Active,,BR004
3328,1084,Current,2022-09-28,Dormant,,BR003
3329,1438,Savings,2024-03-01,Active,,BR003
3330,1580,Salary,2022-05-28,Active,,BR001
3331,1105,Current,2022-10-19,Active,,BR002
3332,1409,Current,2023-10-30,Active,,BR005
3333,1642,Savings,2023-07-12,Active,,BR005
3334,1811,Salary,2016-04-07,Closed,2020-04-02,BR001
3335,1939,Current,2020-01-04,Active,,BR001
3336,1341,Salary,2024-06-24,Active,,BR005
3337,1392,Current,2020-07-10,Active,,BR001
3338,1875,Savings,2021-09-22,Active,,BR003
3339,1694,Current,2023-04-10,Closed,2023-05-13,BR005
3340,1274,Current,2023-10-11,Dormant,,BR004
3341,1686,Savings,2024-08-04,Active,,BR003
3342,1158,Savings,2021-11-04,Closed,2022-04-22,BR002
3343,1450,Salary,2024-08-19,Active,,BR004
3344,1307,Current,2021-04-12,Active,,BR004
3345,1993,Current,2022-11-20,Active,,BR005
3346,1035,Current,2024-03-25,Active,,BR003
3347,1857,Salary,2017-10-19,Active,,BR005
3348,1282,Savings,2019-07-26,Active,,BR004
3349,1037,Current,2024-06-21,Active,,BR001
3350,1661,Savings,2024-02-16,Closed,2024-03-25,BR002
3351,1679,Savings,2020-06-19,Closed,2022-05-31,BR004
3352,1143,Savings,2022-03-27,Active,,BR001
3353,1039,Current,2024-02-14,Active,,BR004
3354,1112,Current,2024-07-02,Active,,BR002
3355,1409,Current,2023-07-26,Active,,BR002
3356,1133,Salary,2023-02-16,Active,,BR003
3357,1704,Current,2021-12-10,Active,,BR005
3358,1078,Current,2024-02-13,Active,,BR005
3359,1789,Salary,2020-09-04,Active,,BR003
3360,1875,Current,2023-04-11,Active,,BR001
3361,1717,Salary,2019-11-26,Active,,BR005
3362,1945,Savings,2019-07-10,Closed,2021-06-06,BR005
3363,1940,Salary,2019-10-06,Active,,BR004
3364,1047,Salary,2021-08-11,Active,,BR004
3365,1342,Current,2023-05-18,Active,,BR003
3366,1761,Savings,2022-01-16,Active,,BR001
3367,1340,Current,2023-09-13,Active,,BR001
3368,1738,Salary,2021-01-04,Active,,BR001
3369,1775,Current,2023-03-25,Active,,BR005
3370,1997,Savings,2023-05-09,Active,,BR001
3371,1330,Savings,2021-04-17,Active,,BR003
3372,1348,Current,2023-04-08,Active,,BR002
3373,1025,Salary,2023-04-14,Active,,BR001
3374,1286,Current,2024-05-20,Active,,BR005
3375,1281,Salary,2021-02-01,Active,,BR001
3376,1454,Salary,2017-08-21,Active,,BR005
3377,1422,Savings,2021-05-08,Active,,BR004
3378,1857,Savings,2024-03-29,Active,,BR004
3379,1774,Salary,2023-11-10,Active,,BR001
3380,1729,Current,2020-05-04,Active,,BR005
3381,1006,Salary,2022-08-31,Active,,BR003
3382,1472,Salary,2022-05-28,Active,,BR003
3383,1730,Current,2022-04-23,Active,,BR004
3384,1245,Savings,2023-11-22,Dormant,,BR002
3385,1425,Salary,2019-11-19,Closed,2024-09-28,BR002
3386,1728,Current,2023-02-18,Closed,2025-04-16,BR002
3387,1795,Savings,2019-02-06,Active,,BR003
3388,1855,Current,2022-11-21,Active,,BR004
3389,1430,Savings,2022-04-15,Active,,BR002
3390,1400,Savings,2024-05-19,Active,,BR002
3391,1383,Current,2023-11-24,Active,,BR005
3392,1669,Current,2023-06-09,Active,,BR003
3393,1420,Current,2020-11-21,Active,,BR005
3394,1401,Salary,2024-06-17,Active,,BR002
3395,1169,Current,2020-11-11,Active,,BR002
3396,1479,Salary,2022-04-01,Active,,BR002
3397,1238,Salary,2023-03-05,Closed,2023-07-05,BR003
3398,1525,Salary,2021-08-27,Active,,BR004
3399,1889,Savings,2021-08-28,Active,,BR003
3400,1776,Salary,2023-11-13,Closed,2025-06-17,BR002
3401,1479,Savings,2021-03-09,Active,,BR005
3402,1978,Current,2020-03-31,Active,,BR003
3403,1981,Current,2020-07-11,Active,,BR002
3404,1445,Savings,2022-07-16,Active,,BR001
3405,1764,Savings,2023-11-27,Active,,BR003
3406,1343,Salary,2023-08-16,Dormant,,BR004
3407,1879,Salary,2024-02-25,Active,,BR005
3408,1374,Savings,2019-09-05,Dormant,,BR002
3409,1259,Current,2024-04-24,Closed,2025-01-14,BR001
3410,1134,Savings,2024-04-30,Active,,BR005
3411,1843,Salary,2023-12-23,Active,,BR003
3412,1297,Salary,2023-08-09,Active,,BR001
3413,1814,Salary,2019-02-06,Active,,BR001
3414,1087,Current,2017-11-19,Active,,BR003
3415,1501,Savings,2016-09-14,Active,,BR004
3416,1428,Savings,2023-09-24,Dormant,,BR002
3417,1439,Savings,2019-11-27,Active,,BR002
3418,1168,Salary,2018-06-12,Active,,BR004
3419,1074,Savings,2017-09-29,Active,,BR005
3420,1347,Salary,2023-08-21,Active,,BR003
3421,1471,Salary,2023-07-12,Dormant,,BR003
3422,1794,Savings,2023-11-19,Dormant,,BR002
3423,1463,Salary,2023-07-13,Active,,BR001
3424,1246,Salary,2017-03-28,Active,,BR001
3425,1263,Current,2018-04-25,Active,,BR005
3426,1612,Current,2019-11-27,Active,,BR001
3427,1436,Savings,2022-08-25,Active,,BR005
3428,1902,Current,2022-05-21,Closed,2023-05-11,BR002
3429,1440,Salary,2020-07-15,Active,,BR004
3430,1567,Current,2017-11-11,Closed,2020-12-27,BR005
3431,1064,Savings,2023-10-13,Active,,BR004
3432,1194,Current,2023-06-23,Active,,BR004
3433,1851,Salary,2023-08-24,Active,,BR002
3434,1345,Savings,2024-04-12,Active,,BR003
3435,1422,Salary,2022-10-15,Active,,BR004
3436,1591,Savings,2022-05-30,Active,,BR003
3437,1058,Savings,2024-02-15,Closed,2024-10-02,BR001
3438,1507,Current,2022-05-08,Active,,BR005
3439,1347,Current,2024-04-14,Active,,BR001
3440,1149,Salary,2022-06-13,Active,,BR005
3441,1419,Savings,2020-06-23,Active,,BR005
3442,1447,Savings,2022-04-03,Active,,BR001
3443,1187,Current,2021-12-01,Active,,BR004
3444,1544,Salary,2017-07-08,Active,,BR004
3445,1747,Salary,2022-10-05,Active,,BR002
3446,1268,Current,2024-04-16,Dormant,,BR005
3447,1967,Salary,2023-09-29,Active,,BR001
3448,1613,Salary,2022-06-24,Active,,BR002
3449,1774,Salary,2024-05-09,Active,,BR005
3450,1071,Salary,2023-10-21,Dormant,,BR004
3451,1768,Current,2019-10-09,Active,,BR001
3452,1337,Salary,2023-07-06,Closed,2023-11-10,BR001
3453,1711,Savings,2024-05-10,Active,,BR002
3454,1805,Current,2022-03-12,Active,,BR001
3455,1251,Salary,2017-10-23,Active,,BR001
3456,1260,Savings,2022-04-12,Active,,BR003
3457,1060,Current,2022-12-18,Active,,BR001
3458,1606,Salary,2022-08-17,Active,,BR002
3459,1775,Savings,2023-11-17,Active,,BR002
3460,1411,Salary,2024-08-17,Closed,2025-06-07,BR005
3461,1161,Current,2024-05-22,Active,,BR005
3462,1317,Salary,2021-07-25,Active,,BR005
3463,1403,Current,2018-10-10,Active,,BR002
3464,1917,Savings,2019-12-27,Active,,BR003
3465,1125,Salary,2023-05-02,Active,,BR003
3466,1344,Savings,2021-06-21,Active,,BR005
3467,1639,Savings,2024-06-17,Active,,BR004
3468,1237,Salary,2022-04-19,Active,,BR005
3469,1885,Salary,2022-03-22,Active,,BR003
3470,1910,Savings,2023-09-05,Active,,BR005
3471,1381,Current,2018-01-06,Dormant,,BR004
3472,1746,Savings,2024-02-08,Active,,BR004
3473,1756,Savings,2023-05-26,Active,,BR004
3474,1682,Salary,2023-09-11,Closed,2023-09-19,BR002
3475,1187,Savings,2023-04-04,Active,,BR004
3476,1050,Current,2022-04-06,Active,,BR002
3477,1348,Salary,2024-01-28,Dormant,,BR004
3478,1132,Salary,2021-12-14,Active,,BR002
3479,1293,Current,2024-02-17,Dormant,,BR004
3480,1639,Salary,2023-12-18,Active,,BR003
3481,1589,Current,2023-06-28,Closed,2023-08-19,BR004
3482,1210,Savings,2022-09-26,Closed,2023-07-04,BR002
3483,1018,Savings,2023-12-21,Active,,BR004
3484,1226,Salary,2022-06-07,Dormant,,BR005
3485,1455,Salary,2024-02-26,Active,,BR001
3486,1780,Current,2022-12-18,Active,,BR002
3487,1366,Salary,2023-11-08,Active,,BR004
3488,1286,Salary,2023-08-17,Active,,BR005
3489,1552,Current,2021-06-25,Active,,BR004
3490,1072,Savings,2023-08-05,Active,,BR003
3491,1226,Salary,2020-05-30,Active,,BR002
3492,1037,Salary,2023-01-15,Active,,BR005
3493,1526,Savings,2024-02-02,Closed,2024-04-18,BR005
3494,1444,Salary,2024-06-15,Active,,BR005
3495,1583,Savings,2019-01-11,Dormant,,BR002
3496,1618,Salary,2019-11-16,Dormant,,BR003
3497,1396,Current,2023-02-03,Active,,BR002
3498,1869,Salary,2019-05-05,Active,,BR005
3499,1919,Salary,2021-07-11,Dormant,,BR005
3500,1111,Current,2019-08-03,Active,,BR001
