customer_id,name,gender,dob,join_date,region,occupation
1001,Gaurav Ghosh,Male,1964-02-16,2016-05-10,East,Retired
1002,Kiran Khan,Male,1967-12-10,2021-10-31,West,Self-Employed
1003,Sara Sharma,Female,1977-08-09,2020-11-17,East,Retired
1004,Zoya Kulkarni,Female,1960-07-18,2019-02-25,East,Student
1005,Sonia Pillai,Female,2000-03-16,2019-02-08,South,Self-Employed
1006,Neha Bhat,Female,1958-11-15,2022-07-05,North,Salaried
1007,Meera Reddy,Male,1961-07-27,2016-05-01,South,Student
1008,Ananya Agarwal,Female,1980-11-07,2021-03-22,East,Student
1009,Ria Patel,Female,1968-03-20,2017-04-03,North,Retired
1010,Ravi Mehta,Male,1979-05-16,2016-05-25,North,Student
1011,Neha Mukherjee,Female,1992-07-04,2019-11-08,South,Salaried
1012,Priya Singh,Male,1964-08-11,2023-06-12,West,Student
1013,Vivaan Nair,Female,1993-11-07,2021-07-12,East,Student
1014,Sonia Kapoor,Female,1990-01-30,2021-09-24,East,Self-Employed
1015,Priya Reddy,Female,1979-05-10,2021-05-19,East,Self-Employed
1016,Isha Mehta,Female,1962-09-07,2021-12-06,North,Retired
1017,Aditi Reddy,Male,1986-08-03,2019-10-01,South,Student
1018,Kabir Patel,Female,1980-04-11,2016-09-01,North,Student
1019,Meera Patel,Female,2004-04-14,2022-05-11,West,Self-Employed
1020,Gaurav Nair,Female,2000-07-17,2019-03-31,West,Self-Employed
1021,Neha Mehta,Female,2004-09-13,2019-08-24,South,Student
1022,Ishaan Sharma,Male,2003-05-06,2018-08-11,South,Retired
1023,Neha Bose,Female,1960-05-06,2017-02-07,South,Student
1024,Kabir Ghosh,Male,1962-05-28,2023-01-21,West,Student
1025,Neha Kulkarni,Female,1963-12-06,2021-11-22,South,Salaried
1026,Ria Mehta,Male,2004-07-13,2020-10-16,West,Retired
1027,Aditya Iyer,Male,2002-05-22,2018-11-11,South,Salaried
1028,Gaurav Kulkarni,Male,1992-01-21,2022-03-23,East,Retired
1029,Arjun Nair,Female,1977-06-24,2020-01-03,East,Self-Employed
1030,Aisha Das,Male,1989-08-29,2019-03-11,South,Retired
1031,Sonia Bose,Male,1981-06-13,2019-03-31,West,Retired
1032,Rohan Kapoor,Female,1997-10-29,2017-06-17,East,Retired
1033,Aditi Reddy,Male,1968-11-29,2016-05-19,West,Retired
1034,Aditya Reddy,Male,1990-04-29,2020-01-29,West,Student
1035,Aditya Das,Male,2003-01-07,2022-09-29,North,Retired
1036,Sara Sharma,Male,1967-02-27,2016-02-26,North,Salaried
1037,Ravi Nair,Female,1959-06-02,2022-07-05,East,Salaried
1038,Ishaan Khanna,Female,2006-12-18,2022-04-06,South,Student
1039,Rohan Ghosh,Female,1983-01-06,2017-11-09,South,Retired
1040,Kabir Mukherjee,Male,1963-07-21,2020-09-11,North,Retired
1041,Ananya Ghosh,Male,1969-09-18,2016-12-18,South,Student
1042,Rohan Agarwal,Male,1961-02-10,2021-09-15,South,Student
1043,Rahul Menon,Male,1984-04-04,2021-03-31,South,Student
1044,Aditi Mehta,Female,1987-04-03,2018-06-24,East,Retired
1045,Kabir Das,Female,1969-09-22,2016-03-09,East,Retired
1046,Aisha Sharma,Male,1998-01-04,2023-05-29,South,Salaried
1047,Sonia Kulkarni,Female,1994-07-20,2019-03-17,North,Student
1048,Gaurav Reddy,Female,1975-06-22,2022-10-14,East,Self-Employed
1049,Ishaan Mukherjee,Male,1971-04-02,2021-01-24,North,Retired
1050,Sonia Kulkarni,Female,2000-05-06,2021-11-13,South,Student
1051,Dev Ghosh,Male,1980-10-31,2021-09-20,South,Retired
1052,Kabir Das,Male,1987-09-13,2017-03-14,North,Self-Employed
1053,Gaurav Pillai,Female,1980-08-23,2018-07-21,South,Student
1054,Neha Khan,Female,1956-01-22,2019-05-18,South,Salaried
1055,Ravi Sharma,Male,2002-04-16,2019-08-17,West,Retired
1056,Priya Mukherjee,Female,1954-08-21,2015-12-29,West,Salaried
1057,Ravi Khan,Female,1983-04-08,2020-01-06,North,Self-Employed
1058,Ishaan Bose,Female,1966-04-07,2016-11-16,East,Retired
1059,Neha Iyer,Male,1984-08-11,2021-08-03,East,Retired
1060,Rohan Khanna,Female,1990-08-07,2021-02-08,South,Self-Employed
1061,Arjun Patel,Female,1966-02-09,2023-01-08,South,Self-Employed
1062,Rahul Sharma,Female,1970-06-10,2021-08-07,West,Salaried
1063,Neha Agarwal,Female,1999-11-08,2018-07-29,South,Retired
1064,Aditya Kapoor,Female,1969-04-14,2023-05-20,North,Salaried
1065,Sonia Menon,Female,1967-05-31,2018-12-06,South,Salaried
1066,Aditi Mukherjee,Female,1986-06-30,2018-04-01,South,Self-Employed
1067,Dev Khan,Female,1957-04-12,2022-11-20,South,Salaried
1068,Sonia Das,Male,1973-02-04,2018-08-10,North,Salaried
1069,Ishaan Menon,Male,1989-09-03,2016-04-02,North,Student
1070,Vivaan Mehta,Female,2006-08-01,2019-05-26,West,Student
1071,Ananya Mehta,Female,1971-10-24,2022-01-03,North,Self-Employed
1072,Priya Pillai,Female,1995-05-10,2017-02-27,East,Retired
1073,Arjun Khan,Male,1966-08-08,2019-05-07,East,Student
1074,Gaurav Ali,Female,1979-08-30,2016-09-06,East,Salaried
1075,Meera Ghosh,Male,1982-04-22,2021-02-18,West,Student
1076,Gaurav Sharma,Male,1998-08-06,2019-06-13,North,Student
1077,Aditya Bhat,Male,1969-07-16,2018-04-14,South,Retired
1078,Ravi Khanna,Male,1998-07-25,2017-06-16,North,Salaried
1079,Kabir Reddy,Female,1984-09-29,2020-02-27,East,Salaried
1080,Isha Pillai,Female,1962-11-17,2020-12-31,East,Self-Employed
1081,Isha Singh,Male,1958-03-06,2023-03-01,West,Self-Employed
1082,Ravi Reddy,Female,1954-11-29,2019-02-20,South,Retired
1083,Rohan Pillai,Male,1956-09-05,2016-12-05,North,Student
1084,Arjun Pillai,Male,1977-05-03,2022-04-21,West,Student
1085,Rahul Kapoor,Female,1996-11-15,2020-09-05,East,Student
1086,Neha Agarwal,Male,1962-05-07,2021-03-30,West,Retired
1087,Kabir Reddy,Female,1964-04-09,2016-06-02,South,Self-Employed
1088,Kabir Ali,Male,1954-05-05,2018-02-21,South,Salaried
1089,Arjun Bhat,Male,1972-09-12,2021-10-13,South,Salaried
1090,Isha Bhat,Female,1999-12-25,2022-04-20,East,Self-Employed
1091,Rahul Menon,Female,1980-02-13,2019-02-15,North,Student
1092,Ananya Sharma,Male,1983-09-04,2022-01-29,West,Self-Employed
1093,Sonia Mukherjee,Male,1962-03-14,2022-05-17,North,Self-Employed
1094,Arjun Kulkarni,Female,1986-10-21,2018-09-28,South,Self-Employed
1095,Aisha Bhat,Male,1989-11-03,2022-10-29,South,Retired
1096,Gaurav Bose,Male,2002-03-23,2017-12-13,East,Retired
1097,Kabir Bose,Female,1962-01-23,2017-07-23,East,Salaried
1098,Rahul Patel,Male,1966-02-21,2021-02-06,West,Salaried
1099,Kabir Pillai,Female,2004-04-02,2020-09-25,West,Salaried
1100,Rohan Mukherjee,Male,1984-10-03,2016-10-05,North,Retired
1101,Neha Verma,Female,1981-02-02,2022-04-21,North,Self-Employed
1102,Ishaan Bhat,Female,1982-05-03,2017-03-29,West,Retired
1103,Aarav Patel,Male,1958-10-31,2022-01-30,South,Student
1104,Isha Sharma,Male,1999-11-15,2015-09-14,North,Student
1105,Sonia Verma,Male,1990-02-18,2022-01-06,West,Self-Employed
1106,Rohan Kulkarni,Female,1997-09-23,2021-12-08,East,Self-Employed
1107,Dev Mehta,Female,1994-03-28,2021-11-19,North,Salaried
1108,Neha Khan,Female,1958-11-12,2020-12-17,West,Student
1109,Aisha Kapoor,Male,1957-09-21,2019-06-01,East,Self-Employed
1110,Arjun Ghosh,Male,2004-09-20,2021-04-13,East,Self-Employed
1111,Aditi Sharma,Female,1973-09-21,2017-11-10,West,Salaried
1112,Gaurav Kapoor,Female,1994-04-30,2021-11-20,South,Retired
1113,Vivaan Patel,Female,1996-02-03,2020-02-02,South,Retired
1114,Sara Bhat,Male,1991-02-03,2019-04-25,East,Self-Employed
1115,Neha Ghosh,Male,1996-04-06,2019-09-08,North,Student
1116,Priya Kulkarni,Male,1981-10-20,2020-03-11,North,Retired
1117,Ria Sharma,Male,1954-01-16,2015-12-10,West,Student
1118,Ria Mehta,Male,1975-06-18,2016-10-05,North,Student
1119,Aarav Iyer,Female,1968-06-16,2017-08-10,East,Self-Employed
1120,Dev Verma,Male,1980-04-20,2016-07-23,South,Student
1121,Ria Menon,Female,2006-03-27,2019-02-28,North,Student
1122,Zoya Ali,Female,2002-01-19,2020-12-27,East,Student
1123,Isha Bhat,Female,1992-06-03,2020-11-16,West,Student
1124,Ria Reddy,Female,1994-05-24,2019-05-31,South,Student
1125,Isha Pillai,Male,1962-04-04,2022-06-25,North,Salaried
1126,Aisha Kapoor,Female,1962-09-30,2020-03-01,North,Retired
1127,Dev Sharma,Male,1961-09-11,2016-04-11,North,Retired
1128,Aisha Verma,Female,1973-05-18,2021-10-05,West,Salaried
1129,Priya Bose,Female,1977-12-09,2020-03-28,South,Self-Employed
1130,Ravi Das,Female,1972-09-07,2020-09-20,South,Retired
1131,Neha Sharma,Male,1985-04-14,2020-03-01,North,Self-Employed
1132,Isha Ali,Male,1971-01-10,2020-01-27,South,Retired
1133,Gaurav Menon,Male,1964-06-26,2016-05-14,West,Retired
1134,Vivaan Kapoor,Male,1966-08-09,2020-02-12,South,Retired
1135,Sonia Bhat,Female,1974-07-25,2021-12-31,East,Salaried
1136,Aarav Bhat,Male,2003-04-26,2018-01-27,North,Self-Employed
1137,Meera Bhat,Male,1968-06-17,2020-06-18,North,Student
1138,Isha Reddy,Female,1987-12-24,2015-11-22,East,Retired
1139,Isha Singh,Male,1967-06-19,2018-06-04,North,Salaried
1140,Priya Kapoor,Female,1978-08-08,2019-02-19,South,Self-Employed
1141,Priya Menon,Male,1960-04-21,2023-07-03,South,Salaried
1142,Ananya Singh,Male,1989-02-16,2017-05-11,North,Retired
1143,Isha Patel,Female,1957-01-15,2017-11-08,East,Retired
1144,Meera Kulkarni,Female,1962-05-24,2018-11-29,West,Salaried
1145,Gaurav Mehta,Female,1989-08-22,2023-08-01,North,Salaried
1146,Aditi Reddy,Female,1981-07-23,2022-06-20,West,Self-Employed
1147,Ria Das,Male,1978-10-29,2015-12-03,East,Retired
1148,Dev Khan,Female,1966-01-25,2017-07-07,East,Self-Employed
1149,Zoya Singh,Male,1970-02-26,2022-03-20,North,Self-Employed
1150,Aditya Das,Female,1961-02-24,2016-02-10,West,Self-Employed
1151,Sonia Ghosh,Male,1987-09-04,2022-06-27,North,Student
1152,Arjun Bose,Female,1980-09-06,2017-11-22,West,Self-Employed
1153,Kabir Ali,Male,1984-02-24,2022-12-25,East,Salaried
1154,Ravi Bhat,Female,1958-06-17,2017-12-28,South,Retired
1155,Vivaan Iyer,Female,1990-04-19,2019-02-12,North,Self-Employed
1156,Dev Patel,Female,1975-07-07,2020-12-08,East,Self-Employed
1157,Gaurav Nair,Female,2000-07-24,2016-08-26,North,Student
1158,Zoya Ghosh,Male,1961-05-16,2020-02-06,East,Student
1159,Kiran Iyer,Male,1986-03-11,2019-09-07,West,Salaried
1160,Aisha Sharma,Female,1988-09-02,2021-11-29,South,Salaried
1161,Aditya Das,Male,1976-03-12,2023-08-11,North,Salaried
1162,Aisha Das,Male,1980-10-04,2020-12-15,North,Retired
1163,Ishaan Bose,Male,1962-08-07,2018-12-01,North,Student
1164,Rahul Iyer,Female,1978-02-02,2018-11-23,North,Retired
1165,Aditya Menon,Male,1979-01-18,2018-12-26,North,Student
1166,Ananya Nair,Male,2001-01-29,2022-02-25,East,Self-Employed
1167,Gaurav Kulkarni,Female,2005-09-08,2018-03-19,South,Student
1168,Rohan Patel,Male,1985-02-28,2016-12-23,West,Student
1169,Ravi Kapoor,Male,1954-01-25,2018-04-26,West,Self-Employed
1170,Meera Nair,Male,1958-01-09,2015-10-29,West,Retired
1171,Ria Mukherjee,Female,1973-12-25,2016-06-29,East,Retired
1172,Sara Reddy,Male,1973-04-05,2016-05-13,South,Retired
1173,Ananya Kapoor,Female,1986-01-03,2021-10-24,West,Retired
1174,Rahul Mukherjee,Male,1997-03-28,2021-06-03,North,Self-Employed
1175,Zoya Das,Male,2006-10-08,2021-03-20,South,Salaried
1176,Aditi Mukherjee,Male,1989-03-29,2019-05-04,South,Self-Employed
1177,Ria Ghosh,Male,1990-11-24,2021-05-18,East,Student
1178,Rohan Menon,Male,1996-07-10,2016-12-07,East,Retired
1179,Kabir Kulkarni,Male,1993-05-18,2022-11-05,West,Self-Employed
1180,Ishaan Kulkarni,Male,2005-07-19,2019-08-26,West,Self-Employed
1181,Arjun Agarwal,Female,1974-04-21,2023-02-23,South,Self-Employed
1182,Kabir Mukherjee,Female,1957-10-06,2016-11-10,West,Retired
1183,Gaurav Mehta,Female,1970-05-25,2019-08-15,North,Salaried
1184,Vivaan Khan,Female,1983-05-11,2021-03-18,West,Self-Employed
1185,Ria Verma,Female,1984-05-15,2019-08-10,North,Salaried
1186,Sara Khanna,Female,1990-09-18,2019-03-19,West,Retired
1187,Gaurav Reddy,Female,1999-09-12,2016-12-21,South,Self-Employed
1188,Ananya Iyer,Male,1975-09-29,2018-09-09,West,Salaried
1189,Vivaan Sharma,Female,1976-07-17,2017-07-21,North,Self-Employed
1190,Dev Singh,Male,2006-06-02,2018-01-20,South,Salaried
1191,Aarav Kulkarni,Female,1984-08-22,2021-02-10,West,Self-Employed
1192,Kiran Mukherjee,Female,1992-08-05,2020-09-07,North,Retired
1193,Kiran Menon,Male,1997-09-19,2020-07-01,South,Student
1194,Kabir Sharma,Male,1969-10-14,2018-07-15,North,Retired
1195,Gaurav Bose,Male,1979-05-07,2023-04-27,South,Student
1196,Kabir Kapoor,Male,1973-03-10,2016-05-06,South,Retired
1197,Arjun Bose,Female,1969-09-17,2018-05-20,East,Self-Employed
1198,Ravi Mehta,Female,1954-02-21,2016-08-02,South,Retired
1199,Zoya Bhat,Female,1964-06-07,2018-05-10,North,Salaried
1200,Rohan Reddy,Female,1974-11-01,2023-05-03,North,Self-Employed
1201,Sara Nair,Male,1960-08-21,2018-07-28,West,Student
1202,Sara Menon,Male,1981-12-30,2022-11-28,West,Self-Employed
1203,Gaurav Mukherjee,Female,1954-12-18,2019-08-09,North,Self-Employed
1204,Ishaan Mehta,Female,1966-09-01,2021-03-28,North,Salaried
1205,Rohan Ghosh,Female,1972-07-20,2019-04-21,North,Salaried
1206,Kiran Pillai,Male,1959-03-16,2017-10-08,West,Student
1207,Zoya Ali,Female,1979-11-13,2021-10-03,East,Retired
1208,Ravi Ali,Female,1968-03-01,2023-05-24,West,Salaried
1209,Ananya Iyer,Male,1991-10-08,2017-10-01,South,Self-Employed
1210,Arjun Khanna,Male,1955-11-12,2021-11-14,East,Retired
1211,Zoya Patel,Male,1973-04-21,2017-09-24,North,Retired
1212,Rohan Nair,Male,1965-03-25,2021-05-18,East,Salaried
1213,Rahul Das,Male,1982-05-26,2021-12-14,East,Student
1214,Zoya Nair,Female,1961-11-20,2019-03-28,South,Salaried
1215,Aditi Nair,Female,2003-11-20,2021-07-15,East,Salaried
1216,Rohan Bhat,Male,2000-08-12,2017-10-27,East,Salaried
1217,Aarav Kapoor,Female,1980-07-21,2016-04-11,South,Student
1218,Ananya Mukherjee,Female,1968-01-03,2016-05-31,North,Salaried
1219,Zoya Bose,Male,1964-09-19,2019-03-21,North,Self-Employed
1220,Ananya Patel,Male,1983-10-23,2022-11-11,West,Salaried
1221,Sonia Mehta,Male,1972-01-22,2016-08-30,South,Self-Employed
1222,Arjun Kapoor,Female,1977-11-06,2019-04-16,South,Student
1223,Gaurav Khan,Female,1956-12-23,2021-04-10,East,Self-Employed
1224,Gaurav Bose,Female,1972-07-31,2017-04-06,South,Self-Employed
1225,Meera Pillai,Female,1984-08-08,2021-05-31,South,Student
1226,Gaurav Patel,Male,1955-05-20,2018-02-02,East,Student
1227,Meera Kulkarni,Male,2001-02-15,2022-02-10,East,Salaried
1228,Neha Khanna,Female,1954-01-26,2020-04-10,East,Retired
1229,Sonia Mukherjee,Male,1998-09-18,2020-01-07,North,Retired
1230,Dev Sharma,Male,1991-01-09,2017-01-21,South,Student
1231,Dev Verma,Male,1963-05-16,2019-05-08,South,Student
1232,Kabir Ali,Male,1968-12-07,2022-06-30,East,Student
1233,Kiran Khanna,Male,1955-01-24,2015-10-20,North,Self-Employed
1234,Aarav Reddy,Male,1967-11-12,2021-09-16,North,Self-Employed
1235,Meera Reddy,Male,1973-06-01,2019-08-02,West,Self-Employed
1236,Meera Sharma,Female,1988-03-19,2021-05-25,East,Salaried
1237,Neha Ali,Female,2006-10-02,2020-12-12,West,Retired
1238,Zoya Mehta,Female,2000-09-25,2019-02-06,South,Self-Employed
1239,Aisha Menon,Female,1991-07-12,2018-02-10,West,Self-Employed
1240,Aarav Reddy,Female,2004-02-14,2020-08-29,South,Retired
1241,Kabir Mukherjee,Male,1980-10-12,2016-10-06,East,Student
1242,Kabir Reddy,Female,1965-05-04,2020-04-25,North,Student
1243,Aisha Khan,Female,1955-07-20,2016-05-26,West,Salaried
1244,Priya Sharma,Female,1981-11-22,2020-11-03,South,Self-Employed
1245,Sonia Mukherjee,Male,1960-04-17,2020-09-02,West,Student
1246,Ravi Reddy,Male,1954-03-04,2016-04-26,South,Self-Employed
1247,Gaurav Reddy,Female,1961-06-05,2021-09-13,West,Salaried
1248,Aditya Iyer,Female,1982-10-29,2018-12-20,South,Retired
1249,Ishaan Ali,Female,1989-11-06,2021-12-08,North,Self-Employed
1250,Ananya Mukherjee,Female,1955-07-31,2015-12-23,North,Student
1251,Rahul Das,Male,1994-07-01,2017-01-29,East,Self-Employed
1252,Gaurav Das,Male,1985-06-14,2019-08-05,North,Student
1253,Ishaan Bhat,Female,2003-10-05,2017-02-23,South,Retired
1254,Neha Mukherjee,Female,1964-07-03,2018-04-13,East,Retired
1255,Arjun Mukherjee,Male,1972-09-16,2020-12-04,South,Salaried
1256,Kabir Ghosh,Male,2002-04-26,2016-10-19,North,Student
1257,Ishaan Ghosh,Male,1995-03-17,2021-01-23,East,Retired
1258,Kabir Verma,Male,1977-05-08,2016-06-21,East,Student
1259,Aditi Khanna,Female,1979-01-01,2017-01-16,East,Salaried
1260,Ananya Sharma,Male,1964-01-05,2020-05-05,West,Salaried
1261,Isha Iyer,Female,1992-12-24,2021-12-27,North,Salaried
1262,Priya Iyer,Male,1957-01-02,2017-01-03,South,Salaried
1263,Gaurav Ghosh,Female,1983-12-21,2018-01-16,North,Retired
1264,Dev Menon,Male,1963-06-27,2023-01-16,West,Retired
1265,Aditi Khanna,Female,1994-11-24,2023-07-23,East,Student
1266,Ria Bhat,Female,2005-11-28,2020-04-16,North,Student
1267,Sonia Mukherjee,Female,2004-04-27,2019-03-21,East,Retired
1268,Kiran Ali,Female,1987-04-11,2018-06-02,North,Self-Employed
1269,Ishaan Sharma,Female,1956-11-19,2020-07-16,South,Self-Employed
1270,Zoya Kapoor,Female,2004-01-11,2020-05-15,East,Student
1271,Ishaan Pillai,Male,1987-09-07,2017-12-31,East,Self-Employed
1272,Ananya Bose,Male,2001-09-07,2015-10-29,West,Salaried
1273,Kiran Ali,Male,1957-09-15,2016-11-08,East,Student
1274,Ananya Ghosh,Male,1971-07-17,2023-04-23,West,Retired
1275,Arjun Sharma,Female,1966-10-29,2018-12-27,East,Salaried
1276,Sara Pillai,Male,1969-07-30,2019-07-02,North,Salaried
1277,Vivaan Verma,Male,1972-10-17,2019-05-19,North,Self-Employed
1278,Arjun Pillai,Female,1965-12-14,2021-11-26,West,Retired
1279,Zoya Menon,Male,2006-08-20,2016-02-29,North,Student
1280,Sonia Khan,Male,1961-05-01,2016-04-21,South,Student
1281,Aditya Kapoor,Female,1967-03-29,2017-11-06,North,Student
1282,Gaurav Singh,Female,1967-08-26,2019-07-15,South,Self-Employed
1283,Zoya Patel,Female,1986-09-05,2021-01-04,East,Student
1284,Aditya Kulkarni,Female,1964-03-20,2019-07-27,North,Salaried
1285,Ananya Mehta,Female,1986-04-28,2019-03-04,South,Salaried
1286,Isha Pillai,Female,2004-03-04,2023-02-22,West,Retired
1287,Ishaan Nair,Male,1958-02-05,2016-12-06,North,Student
1288,Kabir Pillai,Female,1994-03-08,2020-03-20,North,Salaried
1289,Ishaan Pillai,Male,2001-01-25,2019-12-24,South,Self-Employed
1290,Kabir Ghosh,Male,1974-08-02,2019-06-07,West,Salaried
1291,Ananya Verma,Female,1994-08-10,2022-02-06,South,Student
1292,Isha Ali,Female,1961-09-06,2017-10-11,East,Retired
1293,Arjun Kapoor,Male,1983-10-08,2023-04-09,North,Self-Employed
1294,Rohan Verma,Female,2006-04-03,2018-04-18,East,Self-Employed
1295,Kabir Ali,Female,1956-04-16,2020-01-01,North,Salaried
1296,Ravi Bhat,Female,1979-03-15,2019-10-22,East,Self-Employed
1297,Kabir Kulkarni,Male,1993-11-01,2022-06-10,North,Self-Employed
1298,Aisha Pillai,Female,1971-07-06,2019-02-26,West,Salaried
1299,Aditi Sharma,Male,1978-10-12,2017-12-02,South,Self-Employed
1300,Ravi Verma,Female,2005-02-10,2015-10-26,North,Retired
1301,Ria Reddy,Male,1966-09-26,2018-07-21,South,Retired
1302,Rohan Agarwal,Female,1985-11-10,2022-04-02,North,Self-Employed
1303,Meera Mehta,Male,1969-06-07,2015-09-21,North,Retired
1304,Rohan Sharma,Male,1959-02-15,2022-10-23,East,Salaried
1305,Aditya Nair,Male,1974-02-01,2019-12-26,South,Retired
1306,Arjun Pillai,Female,1971-11-27,2016-10-06,South,Self-Employed
1307,Rohan Menon,Male,1993-09-05,2018-01-22,West,Student
1308,Ishaan Pillai,Female,1994-11-06,2020-01-28,North,Salaried
1309,Aarav Pillai,Male,1985-09-11,2018-03-03,South,Retired
1310,Sara Khanna,Male,1961-06-21,2016-07-06,North,Self-Employed
1311,Priya Kapoor,Female,1979-09-21,2020-12-20,South,Retired
1312,Ananya Khan,Female,1988-12-08,2021-01-07,South,Salaried
1313,Sara Mukherjee,Male,1965-06-29,2016-08-05,North,Student
1314,Arjun Mehta,Male,1961-12-13,2017-11-22,North,Salaried
1315,Ananya Menon,Male,1959-10-11,2017-08-05,West,Retired
1316,Dev Reddy,Female,1992-01-01,2020-12-01,North,Self-Employed
1317,Ria Bhat,Female,1969-12-01,2021-06-26,West,Student
1318,Ananya Das,Male,1975-07-26,2021-06-16,West,Retired
1319,Arjun Khan,Female,1983-02-25,2023-02-25,South,Student
1320,Aarav Sharma,Male,1985-03-25,2021-10-16,South,Salaried
1321,Vivaan Agarwal,Male,2000-11-26,2018-03-17,West,Salaried
1322,Ishaan Kulkarni,Female,1992-12-20,2016-07-03,West,Salaried
1323,Ravi Kulkarni,Female,1977-08-31,2020-07-23,North,Retired
1324,Ria Reddy,Male,1960-05-08,2022-12-20,West,Retired
1325,Ananya Bhat,Female,1961-04-04,2023-06-11,West,Self-Employed
1326,Ravi Das,Male,1997-03-07,2017-06-26,North,Retired
1327,Ishaan Khan,Female,1970-08-30,2017-07-14,North,Salaried
1328,Kabir Das,Male,2002-11-01,2015-12-11,East,Student
1329,Ananya Verma,Male,1971-12-23,2016-10-09,North,Self-Employed
1330,Sara Singh,Male,1988-11-09,2020-01-30,East,Salaried
1331,Ria Patel,Female,1983-12-09,2020-01-07,North,Self-Employed
1332,Dev Reddy,Female,1968-02-22,2018-08-11,East,Self-Employed
1333,Arjun Singh,Male,1984-09-26,2018-02-14,North,Self-Employed
1334,Dev Singh,Female,1964-03-07,2022-04-12,North,Salaried
1335,Vivaan Ali,Female,1978-06-14,2019-04-28,North,Self-Employed
1336,Arjun Das,Male,1954-06-19,2022-02-08,North,Salaried
1337,Aditi Menon,Female,1973-07-20,2023-05-07,East,Retired
1338,Vivaan Ghosh,Female,1991-03-08,2018-03-07,North,Self-Employed
1339,Dev Menon,Male,1965-12-17,2017-04-07,West,Salaried
1340,Dev Kapoor,Male,1985-11-29,2023-04-07,East,Student
1341,Aditi Verma,Male,1978-07-31,2020-09-20,South,Retired
1342,Rahul Das,Female,1999-08-11,2017-12-20,West,Self-Employed
1343,Aditya Kulkarni,Female,2000-06-16,2020-08-13,East,Retired
1344,Ria Reddy,Male,1976-04-07,2019-10-06,East,Student
1345,Aditi Mukherjee,Male,1997-06-01,2022-11-20,North,Student
1346,Gaurav Kapoor,Male,1954-09-30,2017-09-09,East,Self-Employed
1347,Meera Verma,Male,1961-09-04,2023-07-28,East,Salaried
1348,Aditya Patel,Male,1969-04-02,2023-02-17,West,Self-Employed
1349,Aditya Pillai,Male,1968-10-20,2017-02-01,South,Retired
1350,Gaurav Mukherjee,Female,1975-07-01,2016-12-16,East,Retired
1351,Ishaan Khanna,Male,2003-06-19,2019-11-28,South,Retired
1352,Sara Bose,Female,1986-04-03,2016-01-02,North,Retired
1353,Aditya Bose,Male,1980-04-16,2018-01-12,North,Self-Employed
1354,Sonia Das,Male,1958-07-16,2019-02-14,West,Self-Employed
1355,Zoya Kapoor,Female,1995-09-11,2023-05-25,East,Retired
1356,Isha Khan,Female,1980-08-20,2023-07-31,South,Student
1357,Vivaan Bhat,Female,1988-08-04,2016-11-08,East,Self-Employed
1358,Aisha Reddy,Female,1999-10-13,2022-10-10,North,Self-Employed
1359,Kabir Nair,Male,2001-05-18,2016-05-15,North,Retired
1360,Aditi Bhat,Male,1987-10-17,2021-08-18,East,Salaried
1361,Zoya Sharma,Female,2002-05-10,2022-05-29,East,Salaried
1362,Gaurav Pillai,Female,2003-04-02,2022-10-08,West,Student
1363,Vivaan Kapoor,Female,1988-01-16,2017-06-06,West,Salaried
1364,Ravi Bhat,Female,1996-11-19,2022-10-15,South,Salaried
1365,Ishaan Khanna,Male,1977-03-30,2016-07-27,West,Retired
1366,Gaurav Khan,Male,2006-12-01,2019-10-17,South,Self-Employed
1367,Ria Patel,Male,1991-08-31,2019-05-26,West,Student
1368,Rohan Mehta,Female,1982-10-29,2018-03-03,North,Self-Employed
1369,Ananya Ali,Female,1955-11-03,2015-10-27,North,Salaried
1370,Aditya Bose,Male,1973-10-29,2021-10-26,North,Salaried
1371,Zoya Bose,Female,1960-12-16,2018-04-30,West,Retired
1372,Arjun Patel,Female,1988-03-07,2020-12-07,North,Salaried
1373,Rahul Iyer,Male,1983-12-10,2018-12-04,West,Student
1374,Priya Khan,Male,1984-08-09,2018-08-19,East,Self-Employed
1375,Kiran Ghosh,Female,1959-04-21,2022-09-24,North,Self-Employed
1376,Priya Khanna,Female,1956-01-06,2016-05-25,West,Retired
1377,Priya Ghosh,Male,1955-02-24,2021-07-14,North,Student
1378,Meera Reddy,Male,1967-11-12,2021-08-13,North,Student
1379,Dev Patel,Male,1980-01-07,2018-09-06,East,Self-Employed
1380,Ananya Ali,Female,1978-05-08,2017-09-28,South,Self-Employed
1381,Dev Ali,Male,1955-10-28,2015-09-08,South,Student
1382,Ravi Mehta,Female,1991-07-22,2023-02-19,North,Salaried
1383,Zoya Mukherjee,Male,1988-02-01,2023-03-23,East,Salaried
1384,Sara Bose,Male,1959-08-11,2017-07-27,North,Student
1385,Ravi Das,Male,1986-10-26,2015-11-25,North,Student
1386,Arjun Menon,Female,1994-02-16,2016-08-16,East,Salaried
1387,Gaurav Reddy,Male,1977-01-19,2016-03-08,South,Retired
1388,Sonia Verma,Female,1989-01-10,2022-04-16,East,Student
1389,Rohan Mukherjee,Male,1959-01-18,2022-10-11,North,Salaried
1390,Kiran Khanna,Female,1958-02-17,2016-11-13,East,Retired
1391,Arjun Patel,Male,1990-07-20,2021-08-13,West,Retired
1392,Aditi Khan,Male,1978-10-23,2017-01-28,South,Self-Employed
1393,Ravi Sharma,Female,1954-05-21,2018-07-31,South,Self-Employed
1394,Kabir Verma,Female,1967-10-13,2020-06-08,East,Self-Employed
1395,Rahul Kapoor,Female,1995-07-13,2021-05-26,East,Student
1396,Ravi Kapoor,Male,1975-05-07,2022-08-21,North,Salaried
1397,Isha Ghosh,Female,1974-01-21,2016-01-01,East,Self-Employed
1398,Zoya Reddy,Male,1972-09-18,2017-03-19,North,Salaried
1399,Aarav Verma,Female,2005-10-02,2017-11-20,East,Salaried
1400,Sonia Agarwal,Female,1991-04-08,2018-02-15,West,Self-Employed
1401,Ravi Mukherjee,Female,1961-12-30,2023-08-17,East,Student
1402,Sara Mehta,Female,1994-06-09,2021-11-10,West,Retired
1403,Ishaan Das,Female,1991-04-04,2018-03-16,South,Salaried
1404,Zoya Ali,Female,1989-06-14,2023-06-01,West,Salaried
1405,Ananya Reddy,Male,1997-08-14,2019-08-21,West,Self-Employed
1406,Neha Singh,Male,1998-03-05,2019-08-25,West,Student
1407,Neha Reddy,Female,1988-08-19,2019-02-10,East,Retired
1408,Ria Patel,Female,1960-04-17,2016-10-17,East,Student
1409,Kiran Reddy,Female,2006-07-16,2023-02-12,East,Student
1410,Isha Ghosh,Female,1991-12-23,2015-10-03,West,Salaried
1411,Vivaan Mehta,Male,2003-06-22,2017-01-14,West,Salaried
1412,Zoya Khanna,Male,1977-12-14,2017-06-24,South,Salaried
1413,Arjun Mukherjee,Female,1993-01-27,2017-11-16,North,Student
1414,Aditya Menon,Female,1965-05-27,2016-09-12,North,Self-Employed
1415,Meera Kapoor,Male,1975-08-19,2015-10-15,North,Salaried
1416,Ananya Kulkarni,Male,1965-07-08,2021-01-23,North,Student
1417,Ria Kulkarni,Male,1973-05-20,2023-05-25,North,Retired
1418,Aisha Patel,Male,1983-09-29,2016-08-13,North,Self-Employed
1419,Aditya Nair,Female,1961-09-18,2018-01-06,West,Retired
1420,Rohan Mehta,Female,1981-08-02,2019-09-10,North,Student
1421,Priya Menon,Female,1956-09-29,2023-01-23,East,Student
1422,Ravi Bhat,Female,1954-03-31,2021-03-12,South,Retired
1423,Meera Pillai,Male,1975-11-25,2021-10-09,North,Salaried
1424,Neha Kulkarni,Male,1971-03-06,2020-04-16,East,Retired
1425,Ria Ghosh,Male,1993-08-27,2018-12-24,West,Retired
1426,Zoya Singh,Male,1963-06-11,2017-03-29,West,Retired
1427,Priya Reddy,Female,1971-11-05,2022-07-22,West,Student
1428,Aisha Kapoor,Male,1959-08-14,2022-01-27,East,Retired
1429,Gaurav Pillai,Male,1992-04-01,2015-11-05,East,Retired
1430,Rohan Ali,Female,1965-09-25,2021-05-13,North,Retired
1431,Arjun Ali,Female,1982-11-14,2016-04-26,West,Retired
1432,Gaurav Verma,Male,1997-06-25,2021-07-21,East,Retired
1433,Kabir Singh,Male,1997-11-03,2022-04-01,South,Self-Employed
1434,Rahul Mehta,Female,1977-09-09,2016-09-09,South,Student
1435,Arjun Khanna,Female,1990-07-21,2019-02-11,East,Self-Employed
1436,Meera Ali,Female,2001-06-10,2016-08-19,North,Retired
1437,Rohan Agarwal,Male,1984-05-13,2020-03-07,West,Retired
1438,Kiran Ali,Male,1972-04-30,2023-01-23,South,Retired
1439,Sara Mukherjee,Male,1990-02-27,2016-04-16,North,Student
1440,Dev Ghosh,Female,1956-12-08,2018-10-28,South,Self-Employed
1441,Sara Ghosh,Female,1965-08-22,2023-06-05,West,Salaried
1442,Aarav Mukherjee,Female,1980-01-01,2018-01-19,South,Student
1443,Isha Nair,Female,1957-12-29,2016-09-13,East,Student
1444,Arjun Kulkarni,Female,1984-10-16,2019-07-21,West,Student
1445,Sara Menon,Male,1999-05-28,2019-09-16,North,Student
1446,Sonia Das,Male,2005-02-09,2020-12-11,West,Retired
1447,Rahul Ghosh,Female,1957-03-25,2018-02-25,South,Salaried
1448,Aditi Patel,Male,1956-05-11,2023-04-15,East,Self-Employed
1449,Meera Bose,Male,1967-03-23,2019-10-23,North,Student
1450,Priya Singh,Male,2001-10-31,2017-12-07,North,Retired
1451,Isha Singh,Male,1991-03-01,2023-04-28,West,Retired
1452,Vivaan Reddy,Female,2004-02-12,2023-01-15,West,Retired
1453,Isha Kapoor,Female,2004-11-28,2019-08-21,West,Retired
1454,Neha Nair,Female,1993-07-14,2015-11-04,East,Retired
1455,Ravi Khanna,Male,1976-03-05,2020-06-01,South,Student
1456,Dev Verma,Male,2003-07-12,2020-01-31,North,Salaried
1457,Gaurav Khanna,Male,1954-03-01,2016-10-29,South,Student
1458,Aarav Sharma,Male,1982-01-25,2020-09-17,East,Student
1459,Dev Mehta,Female,1993-07-12,2022-05-14,South,Salaried
1460,Ananya Agarwal,Female,1979-12-11,2016-06-28,South,Retired
1461,Ananya Mehta,Female,1965-08-30,2021-06-05,North,Student
1462,Sara Mukherjee,Male,1990-10-15,2016-10-06,South,Retired
1463,Dev Khanna,Female,2004-07-12,2021-08-19,North,Salaried
1464,Vivaan Agarwal,Male,2004-06-02,2018-12-30,North,Retired
1465,Neha Kulkarni,Male,1961-07-16,2015-09-12,North,Self-Employed
1466,Gaurav Verma,Female,2001-10-22,2023-05-16,East,Student
1467,Aditi Pillai,Male,1973-09-14,2016-12-20,South,Student
1468,Arjun Ali,Male,1986-04-28,2020-05-30,North,Student
1469,Aditi Singh,Female,1965-12-23,2017-02-04,East,Retired
1470,Dev Menon,Male,2003-10-15,2023-02-08,North,Salaried
1471,Arjun Das,Female,1959-02-10,2021-07-19,North,Student
1472,Gaurav Singh,Male,1969-11-26,2022-01-28,North,Retired
1473,Sonia Kapoor,Female,1983-08-03,2019-02-06,South,Salaried
1474,Aisha Mehta,Male,1996-10-18,2019-05-20,West,Self-Employed
1475,Rohan Khan,Male,1955-11-24,2020-09-18,North,Self-Employed
1476,Kabir Ghosh,Female,1990-07-31,2021-12-02,South,Student
1477,Aditi Ali,Male,1981-06-25,2022-06-02,North,Retired
1478,Aditi Mukherjee,Female,1986-10-29,2015-10-15,South,Retired
1479,Ananya Singh,Male,1994-12-04,2020-12-13,East,Retired
1480,Gaurav Bose,Female,1984-11-13,2016-07-07,South,Self-Employed
1481,Ravi Kulkarni,Female,1998-05-09,2017-12-12,East,Student
1482,Arjun Ghosh,Male,2006-02-21,2022-04-11,West,Salaried
1483,Ravi Khan,Male,1991-10-28,2017-08-24,West,Self-Employed
1484,Arjun Verma,Female,2001-09-07,2022-01-06,East,Salaried
1485,Ananya Kulkarni,Female,1985-08-29,2019-05-07,East,Salaried
1486,Aarav Mukherjee,Male,1961-08-23,2017-07-03,West,Retired
1487,Rahul Bose,Male,1998-10-04,2018-04-26,West,Retired
1488,Zoya Reddy,Female,2006-12-12,2019-11-21,South,Student
1489,Isha Agarwal,Female,2001-06-24,2021-10-05,North,Salaried
1490,Sonia Das,Male,1980-08-24,2020-06-28,North,Salaried
1491,Aditya Patel,Male,1992-08-30,2023-02-08,West,Salaried
1492,Ria Iyer,Female,1981-09-27,2022-08-01,East,Student
1493,Neha Nair,Male,2005-01-27,2021-09-01,South,Salaried
1494,Gaurav Reddy,Male,1989-05-24,2020-06-19,South,Self-Employed
1495,Sara Ghosh,Female,1985-08-02,2017-12-17,South,Retired
1496,Aditi Agarwal,Male,1984-10-19,2018-12-11,West,Retired
1497,Aditya Ghosh,Female,1977-03-15,2016-08-05,East,Retired
1498,Isha Das,Male,1965-02-11,2018-08-20,West,Self-Employed
1499,Aditya Reddy,Female,1982-12-21,2023-01-20,South,Student
1500,Isha Mukherjee,Male,1962-01-27,2019-01-19,South,Salaried
1501,Vivaan Nair,Female,1978-04-21,2016-07-21,North,Retired
1502,Ria Bose,Male,1993-11-26,2020-11-09,West,Salaried
1503,Rahul Bhat,Male,1994-04-02,2023-05-05,East,Student
1504,Kabir Pillai,Female,1989-11-23,2022-07-31,East,Student
1505,Aarav Sharma,Female,1975-12-14,2017-11-01,South,Retired
1506,Aisha Mukherjee,Female,1994-11-20,2019-04-10,South,Self-Employed
1507,Dev Ghosh,Male,1958-07-18,2019-11-22,West,Salaried
1508,Ravi Khanna,Male,1981-05-20,2017-08-16,South,Retired
1509,Vivaan Reddy,Female,1961-08-06,2017-10-16,East,Student
1510,Neha Bhat,Female,1970-11-18,2017-07-15,North,Self-Employed
1511,Zoya Ghosh,Male,1989-10-21,2023-08-07,South,Self-Employed
1512,Meera Kapoor,Female,1994-02-24,2021-08-11,West,Self-Employed
1513,Aditya Mehta,Female,1967-01-15,2022-05-15,North,Self-Employed
1514,Ishaan Ali,Female,1989-04-01,2022-03-05,North,Self-Employed
1515,Rohan Ali,Female,1993-11-25,2023-04-25,West,Self-Employed
1516,Zoya Pillai,Female,1957-03-08,2016-06-26,South,Self-Employed
1517,Ishaan Mukherjee,Female,1981-04-24,2022-09-11,South,Salaried
1518,Aisha Verma,Female,2004-06-23,2016-03-05,East,Retired
1519,Kiran Nair,Female,1980-11-10,2019-06-12,North,Salaried
1520,Sara Kulkarni,Female,1982-01-03,2020-05-25,North,Salaried
1521,Ravi Bhat,Male,1961-07-24,2018-07-04,North,Salaried
1522,Rahul Nair,Female,1969-12-16,2016-10-23,North,Retired
1523,Dev Bose,Female,1996-10-17,2017-03-07,North,Self-Employed
1524,Ishaan Bhat,Female,1999-08-08,2022-03-28,East,Self-Employed
1525,Rohan Pillai,Female,1975-12-10,2018-03-11,South,Self-Employed
1526,Kabir Kulkarni,Male,2004-09-05,2018-02-15,North,Salaried
1527,Ishaan Sharma,Female,1990-07-15,2023-01-11,North,Self-Employed
1528,Aditya Verma,Male,1999-01-20,2016-10-17,South,Salaried
1529,Kabir Kulkarni,Male,2005-12-01,2022-12-18,West,Retired
1530,Aditya Bose,Male,1958-06-05,2023-01-04,South,Salaried
1531,Neha Sharma,Female,2002-02-01,2020-06-06,North,Self-Employed
1532,Vivaan Mehta,Female,2006-03-13,2016-12-19,North,Retired
1533,Vivaan Nair,Female,1957-01-29,2016-11-21,South,Retired
1534,Zoya Menon,Male,1997-10-31,2017-12-02,North,Student
1535,Aditya Sharma,Male,1963-03-15,2020-04-05,West,Salaried
1536,Vivaan Kapoor,Female,2005-01-09,2016-11-14,West,Self-Employed
1537,Aarav Verma,Male,1998-09-04,2019-04-15,South,Salaried
1538,Ishaan Menon,Female,2001-07-03,2016-07-26,West,Student
1539,Aditi Khan,Female,1969-06-22,2019-12-19,South,Self-Employed
1540,Dev Singh,Female,1974-07-05,2015-10-24,North,Student
1541,Sonia Khanna,Male,1981-09-18,2021-04-25,West,Student
1542,Meera Agarwal,Male,1994-01-12,2016-02-01,West,Retired
1543,Vivaan Ali,Male,2002-01-17,2017-03-15,South,Self-Employed
1544,Gaurav Khanna,Female,1976-08-16,2017-01-15,East,Retired
1545,Aarav Kulkarni,Male,1994-03-14,2022-04-16,North,Self-Employed
1546,Ria Menon,Female,1975-08-09,2016-01-26,East,Student
1547,Ananya Khanna,Male,1970-03-17,2019-01-28,East,Student
1548,Aisha Khan,Male,1961-06-02,2020-05-15,East,Retired
1549,Rahul Bose,Male,1980-07-14,2019-10-09,East,Self-Employed
1550,Ria Singh,Female,2006-11-16,2021-02-01,East,Retired
1551,Isha Sharma,Female,1992-05-08,2022-01-24,East,Self-Employed
1552,Aditi Sharma,Male,1961-09-06,2018-10-16,West,Self-Employed
1553,Sara Mehta,Female,1978-10-14,2022-04-08,North,Self-Employed
1554,Sonia Bose,Female,1974-10-23,2018-03-09,South,Student
1555,Ananya Nair,Female,1982-01-08,2023-07-08,South,Student
1556,Isha Iyer,Female,1998-11-25,2019-09-05,East,Salaried
1557,Sonia Patel,Male,1959-03-16,2021-07-12,North,Retired
1558,Rahul Singh,Male,1966-02-19,2022-08-22,South,Retired
1559,Ishaan Menon,Female,1954-12-21,2021-12-25,West,Salaried
1560,Isha Agarwal,Male,1961-05-31,2022-06-14,North,Retired
1561,Vivaan Kapoor,Male,1991-06-05,2019-12-08,East,Student
1562,Ishaan Das,Male,1993-08-24,2015-12-28,East,Salaried
1563,Ananya Sharma,Female,1993-05-03,2019-08-03,South,Self-Employed
1564,Ravi Patel,Male,1958-08-05,2017-02-04,North,Retired
1565,Gaurav Singh,Male,1977-07-25,2022-10-03,North,Self-Employed
1566,Arjun Mukherjee,Female,1982-07-28,2017-07-15,South,Retired
1567,Ananya Nair,Male,1955-03-15,2017-06-20,North,Self-Employed
1568,Ishaan Nair,Male,1975-05-15,2017-08-21,North,Salaried
1569,Gaurav Ghosh,Male,1958-08-16,2020-10-12,North,Self-Employed
1570,Arjun Iyer,Male,1954-01-28,2020-03-18,North,Student
1571,Ravi Nair,Female,2002-03-15,2023-03-26,West,Student
1572,Dev Verma,Female,1987-01-26,2018-12-21,East,Retired
1573,Kiran Kapoor,Male,1968-04-10,2017-11-25,North,Salaried
1574,Rahul Singh,Female,1963-08-12,2016-01-14,East,Retired
1575,Sara Nair,Female,1999-03-25,2015-09-13,North,Student
1576,Kiran Pillai,Female,1990-09-03,2018-08-19,South,Salaried
1577,Ria Verma,Female,1977-09-25,2023-01-18,North,Retired
1578,Dev Iyer,Female,1964-07-21,2019-10-31,North,Self-Employed
1579,Aisha Reddy,Male,2001-01-13,2022-10-16,North,Student
1580,Vivaan Ghosh,Male,1975-06-08,2016-06-15,South,Student
1581,Aisha Iyer,Female,1991-08-14,2016-05-22,South,Salaried
1582,Gaurav Bhat,Female,1995-07-17,2022-04-23,South,Salaried
1583,Kabir Patel,Female,1979-09-17,2016-06-30,East,Student
1584,Rahul Nair,Male,1985-05-06,2016-01-22,East,Self-Employed
1585,Gaurav Khanna,Male,1973-08-27,2018-11-16,East,Salaried
1586,Kabir Khanna,Female,1990-06-13,2023-01-15,East,Salaried
1587,Isha Iyer,Male,1963-08-20,2021-02-26,East,Retired
1588,Kiran Ghosh,Female,2002-09-06,2016-06-08,South,Salaried
1589,Ria Khanna,Female,1961-01-12,2022-05-04,North,Salaried
1590,Aisha Ghosh,Female,2005-08-28,2022-05-23,South,Student
1591,Aditya Nair,Male,1967-12-07,2022-01-17,North,Salaried
1592,Rohan Sharma,Female,1988-08-16,2022-11-11,West,Student
1593,Zoya Verma,Female,1986-06-21,2017-07-24,South,Student
1594,Meera Menon,Female,2005-11-28,2023-06-24,West,Student
1595,Arjun Khanna,Female,1969-09-12,2018-03-17,West,Self-Employed
1596,Rohan Sharma,Male,1998-11-02,2022-01-21,South,Retired
1597,Rahul Singh,Female,1972-07-03,2020-04-11,West,Student
1598,Aditi Sharma,Female,1968-04-13,2021-11-16,South,Self-Employed
1599,Rohan Bhat,Female,1962-01-13,2020-08-30,North,Salaried
1600,Ria Menon,Female,1969-08-12,2020-10-12,North,Self-Employed
1601,Isha Bhat,Male,1991-02-20,2020-07-28,North,Salaried
1602,Ria Ali,Female,1967-10-15,2021-11-15,West,Salaried
1603,Ishaan Ghosh,Male,1963-03-23,2021-07-21,South,Self-Employed
1604,Ria Menon,Male,1990-06-10,2016-09-20,South,Salaried
1605,Sara Iyer,Female,2000-03-31,2022-04-01,South,Salaried
1606,Ishaan Kulkarni,Male,1959-04-01,2019-12-06,South,Self-Employed
1607,Rahul Reddy,Male,1999-06-21,2018-03-24,West,Student
1608,Kiran Kapoor,Female,1975-09-30,2019-10-04,West,Salaried
1609,Ria Singh,Female,1994-06-23,2023-05-18,North,Self-Employed
1610,Kiran Kulkarni,Male,2000-03-06,2022-07-02,East,Salaried
1611,Aditi Verma,Male,1965-01-12,2022-04-24,South,Salaried
1612,Kiran Ghosh,Male,1999-01-28,2019-05-06,North,Salaried
1613,Ria Pillai,Female,1971-10-27,2021-11-30,West,Self-Employed
1614,Vivaan Kapoor,Male,1970-05-28,2018-09-21,North,Student
1615,Gaurav Bose,Female,2003-11-24,2021-02-17,North,Retired
1616,Isha Kulkarni,Female,1997-05-02,2020-10-04,North,Student
1617,Vivaan Ghosh,Female,1964-01-05,2017-08-22,South,Student
1618,Ananya Khanna,Male,1980-12-13,2017-10-10,East,Retired
1619,Isha Agarwal,Female,2000-05-07,2016-02-18,South,Self-Employed
1620,Vivaan Singh,Male,1954-01-21,2016-10-05,North,Retired
1621,Zoya Khanna,Male,1992-02-27,2019-02-10,North,Retired
1622,Arjun Bhat,Male,2006-08-11,2019-06-19,West,Student
1623,Rahul Khan,Male,1958-11-25,2016-12-18,West,Retired
1624,Isha Verma,Female,2006-01-29,2018-12-23,West,Salaried
1625,Dev Das,Male,1977-01-30,2020-06-22,East,Retired
1626,Gaurav Das,Female,1954-06-04,2017-07-03,East,Student
1627,Gaurav Sharma,Male,1976-01-10,2018-05-07,West,Salaried
1628,Arjun Patel,Male,1976-12-31,2018-08-01,East,Salaried
1629,Dev Pillai,Male,1986-05-21,2019-09-07,South,Student
1630,Dev Mukherjee,Male,2000-12-18,2018-07-29,South,Self-Employed
1631,Isha Patel,Male,1976-01-26,2021-07-15,South,Self-Employed
1632,Aditi Ghosh,Female,1959-04-28,2018-04-06,North,Self-Employed
1633,Aarav Reddy,Female,2002-02-02,2019-02-11,North,Retired
1634,Gaurav Patel,Male,1960-06-10,2018-09-05,East,Self-Employed
1635,Zoya Mehta,Female,1985-12-02,2017-02-08,West,Salaried
1636,Isha Pillai,Female,1978-12-23,2021-02-16,North,Self-Employed
1637,Aditi Khan,Male,1998-09-01,2017-07-11,North,Salaried
1638,Priya Kapoor,Male,1974-04-05,2018-01-07,North,Student
1639,Vivaan Khanna,Male,1997-11-07,2021-12-25,West,Retired
1640,Ria Ali,Female,1992-02-25,2023-03-26,South,Retired
1641,Sonia Khan,Female,1968-10-06,2021-01-03,South,Student
1642,Sara Sharma,Male,2004-07-04,2022-12-21,North,Retired
1643,Sara Bhat,Female,1983-10-19,2022-06-23,West,Self-Employed
1644,Priya Verma,Female,1975-07-15,2019-06-28,South,Student
1645,Zoya Sharma,Female,2000-07-20,2021-10-21,West,Salaried
1646,Aditi Das,Male,1991-12-31,2018-04-09,East,Student
1647,Ria Menon,Female,1988-06-08,2019-04-30,North,Student
1648,Meera Verma,Female,1971-03-20,2019-12-05,West,Salaried
1649,Zoya Ghosh,Female,1955-01-25,2023-04-29,East,Student
1650,Sonia Reddy,Female,1962-09-03,2022-06-06,East,Student
1651,Aditya Das,Female,1996-02-15,2019-07-23,North,Self-Employed
1652,Vivaan Bhat,Female,2006-02-15,2020-11-11,West,Student
1653,Ananya Ghosh,Male,2004-01-07,2017-04-06,West,Self-Employed
1654,Priya Iyer,Male,1975-08-18,2022-01-28,South,Self-Employed
1655,Kiran Mehta,Male,1998-02-25,2020-01-25,North,Salaried
1656,Priya Iyer,Male,1994-06-09,2019-11-27,West,Self-Employed
1657,Priya Mehta,Female,1962-12-11,2021-10-09,West,Retired
1658,Sara Khanna,Female,1960-09-25,2020-09-14,East,Retired
1659,Rahul Das,Female,1962-05-01,2016-03-22,East,Student
1660,Priya Kapoor,Female,1993-11-04,2017-12-12,North,Student
1661,Aditi Khan,Male,1974-07-27,2017-01-21,North,Student
1662,Isha Khanna,Male,1974-03-25,2021-07-09,West,Self-Employed
1663,Zoya Patel,Female,1997-11-08,2015-12-04,South,Self-Employed
1664,Zoya Mukherjee,Male,1977-07-04,2017-04-06,South,Student
1665,Priya Ghosh,Female,1979-10-15,2020-06-03,East,Retired
1666,Isha Khan,Male,1986-06-20,2021-03-14,North,Self-Employed
1667,Meera Ghosh,Male,1967-10-06,2019-09-02,North,Student
1668,Kabir Mehta,Female,1971-01-14,2022-07-12,North,Self-Employed
1669,Ananya Menon,Female,1978-12-05,2022-12-29,South,Self-Employed
1670,Kabir Das,Female,1968-01-16,2016-09-12,South,Self-Employed
1671,Ishaan Mehta,Male,1966-03-18,2023-04-06,North,Salaried
1672,Aditya Nair,Female,1976-02-24,2020-07-22,South,Self-Employed
1673,Meera Iyer,Female,1992-02-26,2020-09-24,South,Student
1674,Aarav Singh,Female,1966-10-25,2016-05-27,East,Student
1675,Ria Khan,Male,1968-01-28,2020-08-13,East,Retired
1676,Ananya Mukherjee,Male,1954-05-30,2021-06-12,West,Salaried
1677,Neha Bose,Female,1999-01-15,2020-04-15,West,Retired
1678,Gaurav Bose,Male,1984-02-16,2016-04-26,South,Retired
1679,Aditi Agarwal,Female,1958-06-04,2019-10-30,West,Self-Employed
1680,Sonia Verma,Male,1979-08-18,2023-02-16,East,Self-Employed
1681,Sonia Ghosh,Male,1957-11-20,2021-06-06,North,Self-Employed
1682,Aarav Patel,Female,2006-11-26,2016-09-28,South,Student
1683,Kabir Nair,Male,2005-08-12,2023-04-27,East,Retired
1684,Meera Verma,Male,1964-03-11,2023-04-24,West,Student
1685,Zoya Kapoor,Female,1988-07-01,2016-12-30,South,Student
1686,Ishaan Menon,Male,1979-07-10,2022-01-18,North,Student
1687,Aditya Ali,Female,1984-10-04,2018-11-24,North,Salaried
1688,Sara Ghosh,Male,1985-06-09,2020-05-23,North,Student
1689,Zoya Sharma,Female,1957-05-14,2019-03-16,East,Salaried
1690,Ishaan Menon,Male,2002-01-08,2021-11-26,East,Retired
1691,Ananya Sharma,Male,1966-04-10,2023-08-13,South,Retired
1692,Ria Verma,Female,1959-05-25,2022-01-01,East,Student
1693,Kabir Bhat,Female,1972-02-04,2023-02-03,West,Self-Employed
1694,Rahul Singh,Male,1986-07-30,2023-03-18,West,Student
1695,Ananya Nair,Female,1998-01-25,2016-05-13,North,Student
1696,Ria Khan,Male,1970-08-19,2017-09-02,East,Student
1697,Rahul Verma,Male,1982-11-16,2021-06-01,West,Student
1698,Ananya Verma,Female,1999-08-02,2020-05-12,West,Salaried
1699,Rohan Ghosh,Female,1987-11-16,2016-01-17,South,Salaried
1700,Gaurav Sharma,Male,1956-11-19,2016-05-27,South,Self-Employed
1701,Ishaan Singh,Female,1992-02-15,2019-10-22,West,Student
1702,Arjun Verma,Male,1997-03-17,2020-07-27,North,Self-Employed
1703,Arjun Bose,Male,1970-10-13,2016-12-25,East,Student
1704,Aisha Khan,Male,1996-03-02,2017-01-05,North,Self-Employed
1705,Sara Menon,Male,1958-12-07,2016-09-04,West,Retired
1706,Priya Iyer,Female,1961-09-20,2020-02-29,North,Self-Employed
1707,Ishaan Kulkarni,Male,1954-04-19,2015-09-15,North,Retired
1708,Gaurav Bose,Male,1958-09-13,2020-03-22,South,Self-Employed
1709,Priya Pillai,Female,1994-04-10,2019-06-14,North,Self-Employed
1710,Dev Das,Female,1995-02-16,2019-05-16,South,Student
1711,Neha Reddy,Male,1988-12-08,2021-01-28,South,Self-Employed
1712,Zoya Pillai,Female,1982-12-24,2019-10-28,South,Salaried
1713,Ravi Singh,Male,1960-01-24,2021-06-18,East,Self-Employed
1714,Arjun Kapoor,Female,1968-06-26,2021-10-02,East,Retired
1715,Sonia Sharma,Female,1972-07-01,2023-01-01,West,Salaried
1716,Rohan Kapoor,Male,1960-07-16,2022-01-13,South,Self-Employed
1717,Neha Singh,Male,1972-07-27,2019-10-14,East,Student
1718,Arjun Bhat,Female,1986-04-25,2019-07-31,East,Student
1719,Kiran Das,Male,1985-06-04,2017-07-12,North,Self-Employed
1720,Rohan Patel,Male,1979-11-03,2020-06-09,East,Salaried
1721,Ria Khanna,Female,2002-05-18,2016-10-03,West,Salaried
1722,Meera Khan,Male,1967-05-03,2023-02-03,South,Self-Employed
1723,Gaurav Ali,Female,1972-11-21,2022-05-27,North,Retired
1724,Zoya Verma,Female,1968-08-17,2016-08-07,South,Salaried
1725,Aarav Ghosh,Male,1978-03-19,2021-12-05,South,Retired
1726,Zoya Kapoor,Male,1965-05-21,2016-07-31,East,Student
1727,Aditya Mehta,Female,1956-11-13,2021-05-30,West,Salaried
1728,Aditi Singh,Male,1976-12-18,2016-05-06,East,Self-Employed
1729,Rahul Mehta,Male,1983-06-03,2019-07-20,North,Salaried
1730,Ria Agarwal,Male,2001-07-17,2020-11-26,South,Retired
1731,Sonia Ali,Female,1965-01-16,2021-06-21,East,Student
1732,Dev Nair,Male,1959-06-25,2018-12-28,South,Self-Employed
1733,Ananya Pillai,Female,1969-01-27,2023-01-06,East,Self-Employed
1734,Sara Reddy,Male,1961-10-15,2021-11-01,East,Student
1735,Rahul Khan,Female,1961-07-22,2017-04-23,South,Salaried
1736,Kabir Das,Female,1964-11-12,2021-01-04,East,Self-Employed
1737,Neha Verma,Male,1980-06-06,2021-06-26,South,Salaried
1738,Aditi Mukherjee,Female,2001-10-25,2018-04-24,North,Student
1739,Kiran Mukherjee,Male,2006-07-06,2021-07-19,South,Student
1740,Dev Kapoor,Male,1996-08-29,2022-10-30,South,Self-Employed
1741,Arjun Reddy,Female,1984-10-26,2022-03-06,North,Salaried
1742,Rohan Kulkarni,Female,1967-11-27,2021-09-28,West,Self-Employed
1743,Sara Das,Female,1982-06-29,2020-09-19,East,Retired
1744,Isha Ghosh,Male,2005-01-21,2017-10-22,North,Salaried
1745,Arjun Nair,Male,1995-10-21,2022-01-01,West,Salaried
1746,Zoya Ghosh,Male,1955-08-07,2018-07-22,West,Salaried
1747,Isha Pillai,Male,1954-10-12,2019-11-25,North,Retired
1748,Zoya Reddy,Male,1987-03-12,2018-02-27,North,Salaried
1749,Sara Singh,Female,1964-08-03,2018-02-23,South,Student
1750,Aisha Mukherjee,Male,1968-01-12,2016-11-26,East,Retired
1751,Meera Sharma,Female,1957-10-04,2023-05-01,East,Student
1752,Ravi Patel,Male,1959-12-03,2016-10-28,South,Self-Employed
1753,Zoya Pillai,Male,1973-06-03,2016-05-01,East,Salaried
1754,Rohan Singh,Male,1986-05-09,2023-02-17,North,Salaried
1755,Aarav Iyer,Male,1973-01-05,2020-01-31,East,Salaried
1756,Rahul Khanna,Male,1990-02-17,2019-02-23,West,Retired
1757,Ria Khanna,Male,1988-02-14,2021-07-17,East,Salaried
1758,Aditi Mehta,Female,1974-05-15,2018-09-16,South,Salaried
1759,Vivaan Kulkarni,Female,1976-08-23,2016-08-31,South,Retired
1760,Aditi Nair,Male,1976-07-29,2021-06-24,West,Self-Employed
1761,Kabir Bhat,Male,1986-11-14,2017-01-19,North,Self-Employed
1762,Priya Khan,Male,1985-07-28,2020-01-25,South,Student
1763,Meera Mehta,Male,2006-08-21,2023-03-27,North,Student
1764,Ria Iyer,Male,1975-12-19,2023-02-17,West,Retired
1765,Ananya Kulkarni,Male,1976-10-19,2018-07-12,South,Self-Employed
1766,Ananya Patel,Female,1957-06-20,2021-11-19,West,Student
1767,Kiran Bose,Male,1980-08-20,2020-07-17,East,Retired
1768,Gaurav Sharma,Male,1982-01-04,2019-06-24,East,Self-Employed
1769,Ravi Mehta,Male,2003-07-11,2016-10-05,East,Self-Employed
1770,Rahul Sharma,Female,1996-01-18,2018-08-27,North,Retired
1771,Ananya Ghosh,Male,1989-05-05,2020-11-09,East,Salaried
1772,Rahul Pillai,Male,1987-12-18,2023-07-14,East,Salaried
1773,Aditi Patel,Male,1987-10-19,2015-09-07,West,Student
1774,Aditya Bhat,Male,1986-04-19,2021-05-20,East,Retired
1775,Ananya Reddy,Male,1966-06-17,2022-05-31,West,Salaried
1776,Kabir Sharma,Female,2000-09-13,2023-04-02,West,Retired
1777,Aditi Mukherjee,Male,1989-06-25,2019-01-12,East,Retired
1778,Dev Menon,Male,1998-02-06,2016-08-04,South,Retired
1779,Zoya Mehta,Female,1990-08-13,2017-10-23,North,Self-Employed
1780,Isha Verma,Male,1970-12-16,2022-06-12,South,Self-Employed
1781,Vivaan Khan,Male,2004-09-10,2022-08-31,West,Student
1782,Arjun Khanna,Male,1989-01-25,2020-09-26,North,Salaried
1783,Aditya Mukherjee,Female,2005-03-29,2016-08-16,South,Retired
1784,Gaurav Menon,Female,1956-03-02,2016-08-14,East,Student
1785,Zoya Khan,Female,1968-02-04,2019-06-20,North,Self-Employed
1786,Aditi Mukherjee,Female,1994-11-20,2020-05-07,West,Student
1787,Kabir Bose,Female,1996-09-20,2015-11-26,East,Student
1788,Aarav Sharma,Female,2001-12-11,2021-02-17,North,Student
1789,Zoya Ghosh,Female,1981-12-31,2019-12-31,North,Retired
1790,Rahul Khanna,Female,1967-03-03,2015-09-28,East,Retired
1791,Aditya Iyer,Female,1976-01-26,2016-05-29,West,Retired
1792,Kabir Bhat,Male,1960-11-06,2019-04-12,West,Student
1793,Arjun Bhat,Male,1988-04-13,2021-06-03,West,Student
1794,Kiran Reddy,Female,1992-06-20,2022-03-30,North,Self-Employed
1795,Aisha Das,Male,1981-12-07,2019-02-03,East,Salaried
1796,Rohan Patel,Male,1996-02-02,2018-01-02,North,Self-Employed
1797,Kiran Kapoor,Female,1955-02-17,2023-05-22,North,Retired
1798,Vivaan Mehta,Female,1997-06-08,2019-04-24,East,Salaried
1799,Aarav Das,Female,1981-04-18,2018-03-02,South,Student
1800,Vivaan Bose,Male,1979-08-10,2019-03-07,East,Salaried
1801,Sara Khanna,Male,2003-03-18,2015-09-28,West,Self-Employed
1802,Meera Khanna,Male,1982-07-23,2018-01-21,North,Salaried
1803,Ravi Iyer,Male,1982-01-05,2019-10-07,East,Student
1804,Aarav Pillai,Female,1993-12-09,2022-12-27,West,Retired
1805,Aarav Nair,Male,2000-10-31,2021-07-19,South,Retired
1806,Dev Menon,Male,2004-01-14,2021-11-22,East,Student
1807,Aditya Kulkarni,Male,2006-09-18,2020-01-01,South,Salaried
1808,Ishaan Singh,Female,1981-09-10,2016-07-12,West,Student
1809,Priya Das,Male,2002-03-19,2018-10-08,North,Salaried
1810,Meera Pillai,Male,1956-10-24,2023-08-14,West,Self-Employed
1811,Arjun Iyer,Female,1994-06-28,2015-12-31,West,Student
1812,Isha Reddy,Female,1972-09-19,2022-09-04,West,Student
1813,Kiran Bose,Male,1971-10-21,2021-02-12,South,Salaried
1814,Isha Bose,Female,1980-01-16,2017-11-30,East,Retired
1815,Neha Menon,Female,1960-10-21,2021-11-12,South,Self-Employed
1816,Vivaan Ghosh,Male,2001-11-28,2022-05-03,South,Retired
1817,Isha Singh,Male,1994-05-01,2015-12-28,West,Student
1818,Ravi Ghosh,Female,1993-02-19,2016-06-29,East,Student
1819,Ria Bose,Male,1999-11-16,2020-12-19,East,Student
1820,Aisha Ali,Female,1991-04-18,2023-08-20,North,Retired
1821,Aditya Bose,Female,1990-06-18,2015-11-02,West,Salaried
1822,Aarav Nair,Female,1966-03-05,2020-12-19,East,Student
1823,Aditi Ali,Female,1991-11-16,2016-09-25,West,Salaried
1824,Kabir Bhat,Male,1960-01-11,2020-11-04,North,Self-Employed
1825,Meera Kapoor,Female,1966-05-21,2020-08-17,East,Retired
1826,Aisha Das,Female,1959-02-28,2016-05-14,East,Retired
1827,Rahul Iyer,Male,2001-08-22,2021-02-01,East,Self-Employed
1828,Aditi Bose,Female,1954-01-22,2022-10-26,North,Self-Employed
1829,Kiran Ali,Male,1974-05-18,2022-07-20,South,Student
1830,Ishaan Kapoor,Male,1954-11-16,2015-11-16,South,Self-Employed
1831,Aisha Mukherjee,Male,1988-01-31,2017-08-11,East,Salaried
1832,Kabir Mehta,Male,1956-03-17,2017-07-27,North,Self-Employed
1833,Ravi Das,Female,1975-09-14,2019-04-09,South,Self-Employed
1834,Kiran Iyer,Male,2003-06-16,2016-10-14,East,Student
1835,Ishaan Bhat,Male,1985-08-13,2022-06-23,North,Retired
1836,Sonia Bose,Female,1999-06-17,2021-11-08,West,Student
1837,Kabir Mehta,Female,1957-01-14,2022-02-09,East,Self-Employed
1838,Meera Verma,Male,1990-02-07,2017-03-24,North,Student
1839,Zoya Khan,Male,1995-10-15,2015-10-05,North,Retired
1840,Sara Ali,Female,1977-01-12,2022-12-04,West,Self-Employed
1841,Aisha Pillai,Female,1984-07-26,2017-12-14,South,Self-Employed
1842,Priya Mehta,Female,2001-04-19,2020-11-21,West,Salaried
1843,Aditi Mehta,Female,1963-03-29,2022-12-01,South,Retired
1844,Rohan Iyer,Male,1962-07-09,2015-12-07,South,Retired
1845,Sara Menon,Female,1967-07-19,2015-09-08,South,Salaried
1846,Isha Pillai,Male,1974-07-19,2015-09-08,East,Self-Employed
1847,Gaurav Khan,Male,1985-02-21,2016-11-22,North,Self-Employed
1848,Neha Mehta,Female,1978-08-13,2016-01-21,South,Retired
1849,Gaurav Patel,Female,1979-09-21,2022-03-15,South,Salaried
1850,Arjun Singh,Male,1998-08-23,2020-06-27,North,Salaried
1851,Sonia Ali,Male,2002-10-22,2023-06-25,South,Self-Employed
1852,Vivaan Menon,Female,1993-08-12,2022-01-20,East,Student
1853,Aditya Mehta,Male,1982-11-21,2023-05-07,East,Salaried
1854,Neha Verma,Female,1998-11-30,2017-07-20,North,Student
1855,Priya Verma,Male,2001-04-12,2017-12-11,West,Student
1856,Sonia Nair,Female,1961-12-04,2022-06-09,West,Retired
1857,Neha Khan,Male,1987-06-08,2017-08-08,East,Salaried
1858,Aarav Agarwal,Male,1976-03-23,2016-02-07,West,Salaried
1859,Rahul Reddy,Male,1979-04-12,2020-12-29,South,Salaried
1860,Isha Menon,Female,1968-07-23,2022-01-18,West,Retired
1861,Aditi Verma,Female,1967-10-23,2023-05-22,East,Student
1862,Ria Khan,Female,1991-01-27,2023-01-24,East,Student
1863,Arjun Singh,Female,1962-03-03,2016-08-09,North,Retired
1864,Ria Menon,Male,1987-05-23,2021-10-26,East,Student
1865,Ria Singh,Female,1962-12-01,2022-05-30,West,Salaried
1866,Gaurav Khanna,Female,1985-12-20,2021-03-24,West,Student
1867,Aditi Kulkarni,Female,2001-09-08,2022-03-14,South,Student
1868,Ravi Ghosh,Female,1966-11-05,2022-05-06,North,Salaried
1869,Arjun Ali,Female,2005-02-21,2019-03-20,East,Student
1870,Sonia Nair,Female,1966-10-18,2015-12-19,North,Self-Employed
1871,Vivaan Iyer,Female,2004-09-20,2019-04-17,North,Salaried
1872,Aditya Bhat,Male,1996-01-11,2017-04-04,East,Self-Employed
1873,Dev Verma,Female,1975-03-09,2016-07-21,West,Self-Employed
1874,Isha Khanna,Male,1957-10-14,2016-08-22,South,Self-Employed
1875,Ria Iyer,Female,1985-08-15,2021-03-22,South,Self-Employed
1876,Meera Agarwal,Male,2000-06-27,2019-09-05,South,Student
1877,Kiran Das,Female,1994-05-04,2019-12-17,South,Self-Employed
1878,Arjun Kulkarni,Male,1959-01-25,2021-08-08,North,Self-Employed
1879,Kabir Nair,Female,1968-02-19,2020-01-11,East,Retired
1880,Aarav Menon,Male,2001-01-10,2020-09-06,East,Salaried
1881,Dev Mukherjee,Male,1986-12-18,2016-05-01,South,Self-Employed
1882,Arjun Bhat,Female,1992-10-07,2022-06-14,South,Salaried
1883,Meera Kapoor,Female,1997-06-10,2019-03-26,West,Retired
1884,Isha Patel,Male,1962-12-15,2016-11-19,North,Salaried
1885,Ishaan Sharma,Male,1974-08-25,2022-02-23,North,Retired
1886,Ananya Iyer,Female,1997-11-06,2021-07-08,North,Salaried
1887,Vivaan Nair,Female,1972-01-27,2016-01-25,West,Self-Employed
1888,Kabir Bose,Male,1985-12-09,2017-03-09,South,Student
1889,Ishaan Mukherjee,Female,2003-11-08,2015-10-09,North,Retired
1890,Ravi Kapoor,Male,1983-10-22,2017-10-22,West,Salaried
1891,Meera Khan,Female,1997-11-08,2016-06-11,North,Salaried
1892,Sara Khanna,Male,1994-06-08,2021-04-27,South,Retired
1893,Isha Verma,Male,1960-08-22,2019-10-28,North,Self-Employed
1894,Kabir Verma,Male,1969-02-02,2023-06-26,East,Salaried
1895,Meera Kapoor,Female,1999-09-28,2021-08-21,East,Student
1896,Sara Das,Female,1961-06-19,2020-07-14,West,Salaried
1897,Aditi Khan,Male,1976-05-06,2019-09-19,South,Retired
1898,Aarav Khanna,Female,1960-05-18,2016-01-30,South,Retired
1899,Rohan Menon,Female,1967-03-17,2016-03-16,West,Retired
1900,Sara Khanna,Female,1989-10-20,2020-07-28,West,Self-Employed
1901,Priya Mukherjee,Female,1978-06-30,2015-09-05,North,Salaried
1902,Sara Agarwal,Male,1978-03-15,2015-12-25,East,Self-Employed
1903,Priya Agarwal,Male,1968-02-21,2017-05-25,West,Self-Employed
1904,Aarav Menon,Female,1993-05-21,2022-09-18,East,Retired
1905,Aisha Patel,Male,1989-05-09,2019-04-25,East,Student
1906,Gaurav Agarwal,Male,1994-02-20,2021-04-26,North,Retired
1907,Sonia Reddy,Male,1991-05-18,2018-12-08,North,Retired
1908,Zoya Pillai,Female,1998-01-20,2017-01-10,North,Student
1909,Kabir Pillai,Female,2005-11-16,2018-08-12,North,Salaried
1910,Aisha Agarwal,Female,1957-08-28,2016-05-17,West,Salaried
1911,Arjun Ali,Male,2003-11-22,2021-10-20,East,Salaried
1912,Zoya Bose,Male,1959-11-29,2017-02-10,West,Student
1913,Kabir Sharma,Female,2006-07-13,2018-08-27,South,Salaried
1914,Aditi Khanna,Male,1965-10-11,2023-06-25,West,Retired
1915,Ravi Pillai,Female,1989-08-06,2020-05-18,North,Salaried
1916,Vivaan Mehta,Male,1979-07-26,2019-04-24,West,Retired
1917,Vivaan Mehta,Male,1992-05-20,2019-12-27,North,Student
1918,Dev Reddy,Male,1980-01-22,2021-11-30,North,Salaried
1919,Vivaan Khan,Female,1983-02-25,2017-09-05,North,Salaried
1920,Ria Bose,Female,1978-08-16,2020-09-24,West,Self-Employed
1921,Sara Bhat,Male,1986-09-05,2022-08-16,South,Self-Employed
1922,Ria Singh,Female,1978-03-26,2020-03-22,South,Self-Employed
1923,Priya Bose,Female,1963-11-17,2019-03-20,South,Student
1924,Ananya Nair,Female,1983-06-18,2016-10-20,West,Salaried
1925,Ria Ghosh,Female,1987-07-31,2017-08-18,South,Salaried
1926,Meera Verma,Male,2000-10-27,2023-03-18,North,Student
1927,Priya Das,Female,1987-05-21,2019-12-22,South,Retired
1928,Ishaan Khanna,Female,2000-09-06,2018-01-20,South,Self-Employed
1929,Kiran Patel,Male,1997-10-26,2018-12-28,East,Retired
1930,Gaurav Iyer,Male,1956-05-08,2020-04-07,West,Self-Employed
1931,Sonia Sharma,Female,2002-10-30,2019-12-11,North,Self-Employed
1932,Vivaan Menon,Female,1981-05-01,2021-03-29,West,Salaried
1933,Sonia Singh,Male,1962-11-03,2017-09-14,North,Self-Employed
1934,Sonia Khan,Male,1956-07-27,2020-11-01,East,Self-Employed
1935,Kabir Mukherjee,Female,1999-03-13,2019-03-09,South,Student
1936,Dev Khanna,Male,1998-10-10,2023-03-02,South,Salaried
1937,Aditi Bhat,Male,1987-03-27,2016-11-27,South,Salaried
1938,Isha Khanna,Female,1977-04-13,2016-10-30,South,Self-Employed
1939,Sonia Ghosh,Female,1956-02-07,2019-05-03,West,Salaried
1940,Priya Mukherjee,Male,1995-11-01,2019-09-16,West,Salaried
1941,Aditi Menon,Male,1998-04-15,2021-03-03,West,Student
1942,Rahul Kulkarni,Male,1993-01-25,2018-11-16,South,Retired
1943,Sara Khan,Male,1960-03-29,2022-12-13,East,Student
1944,Zoya Singh,Female,2005-10-25,2019-06-09,South,Salaried
1945,Aditya Sharma,Male,1986-03-07,2016-09-04,West,Retired
1946,Sonia Menon,Male,2000-11-23,2016-08-06,East,Student
1947,Aarav Mukherjee,Male,1998-06-01,2023-06-06,South,Student
1948,Neha Kapoor,Female,1958-07-04,2016-09-18,South,Salaried
1949,Zoya Reddy,Female,2006-06-22,2023-03-23,South,Student
1950,Kabir Mukherjee,Female,1989-06-26,2017-11-13,East,Salaried
1951,Neha Ghosh,Male,1958-12-21,2016-05-22,East,Student
1952,Arjun Verma,Female,1974-06-30,2018-01-30,South,Salaried
1953,Sonia Pillai,Male,2003-01-25,2020-07-23,West,Retired
1954,Isha Patel,Female,1982-07-26,2019-01-24,West,Salaried
1955,Meera Mukherjee,Female,1955-09-22,2021-12-04,South,Student
1956,Sara Iyer,Female,1985-01-03,2020-07-12,West,Salaried
1957,Priya Patel,Male,1978-11-26,2018-11-06,North,Student
1958,Sonia Mukherjee,Female,1978-07-08,2020-09-19,West,Self-Employed
1959,Aditya Ali,Female,1971-06-28,2023-05-31,South,Retired
1960,Kabir Ali,Female,1997-07-11,2018-12-08,East,Student
1961,Sara Das,Male,1962-01-30,2016-11-14,South,Self-Employed
1962,Dev Kapoor,Female,1954-08-01,2018-11-30,South,Salaried
1963,Kiran Bhat,Female,1999-01-11,2022-05-12,South,Student
1964,Neha Iyer,Male,1963-12-08,2017-05-20,East,Self-Employed
1965,Kabir Ali,Female,1963-04-09,2023-03-27,North,Salaried
1966,Dev Mehta,Male,1967-05-30,2020-05-07,West,Student
1967,Ravi Iyer,Female,1987-10-06,2020-06-15,West,Salaried
1968,Arjun Mukherjee,Female,1982-10-10,2018-03-07,East,Salaried
1969,Meera Sharma,Male,1962-04-14,2023-01-02,East,Salaried
1970,Ria Khan,Male,1998-05-14,2015-12-07,East,Self-Employed
1971,Isha Khan,Female,1963-05-23,2018-01-12,North,Salaried
1972,Sara Das,Male,1958-12-14,2018-12-28,East,Salaried
1973,Aditya Khan,Male,1970-05-28,2019-06-18,North,Self-Employed
1974,Arjun Pillai,Male,1988-01-09,2019-06-08,East,Salaried
1975,Aditya Pillai,Female,1977-12-26,2016-10-29,South,Salaried
1976,Kiran Pillai,Female,2004-07-14,2017-06-12,East,Self-Employed
1977,Ria Khanna,Female,1957-07-05,2016-05-28,West,Salaried
1978,Zoya Mehta,Male,1988-02-09,2020-03-22,North,Retired
1979,Aditi Ali,Male,2003-09-20,2018-06-13,East,Self-Employed
1980,Ishaan Khanna,Female,1964-07-12,2020-03-02,South,Retired
1981,Isha Singh,Female,1972-04-15,2020-05-11,South,Retired
1982,Aditya Bhat,Female,1973-12-10,2021-04-04,East,Retired
1983,Kiran Patel,Female,2004-03-15,2020-01-07,West,Student
1984,Kiran Das,Female,1967-03-07,2020-10-28,North,Self-Employed
1985,Dev Iyer,Male,1973-04-14,2020-05-04,West,Student
1986,Rahul Verma,Male,1964-05-10,2020-11-10,West,Salaried
1987,Rahul Bhat,Female,1963-04-04,2020-07-29,East,Retired
1988,Vivaan Ali,Female,1995-03-22,2018-03-04,East,Self-Employed
1989,Ananya Ali,Female,1995-02-06,2017-08-12,South,Salaried
1990,Isha Singh,Female,1958-07-29,2021-12-10,North,Salaried
1991,Gaurav Agarwal,Male,1978-07-19,2018-05-21,East,Salaried
1992,Gaurav Kapoor,Male,1983-05-14,2020-01-14,West,Salaried
1993,Ishaan Bhat,Female,1991-10-23,2017-03-21,North,Student
1994,Rohan Bose,Female,1973-02-23,2019-02-04,East,Salaried
1995,Priya Agarwal,Male,1967-03-26,2019-11-18,East,Retired
1996,Rahul Iyer,Male,2006-05-16,2020-08-25,West,Self-Employed
1997,Aarav Menon,Female,1977-09-13,2019-11-08,South,Student
1998,Dev Khan,Female,1954-08-28,2018-07-12,South,Self-Employed
1999,Sonia Nair,Female,1992-07-27,2023-05-03,South,Salaried
2000,Priya Kapoor,Male,1992-05-05,2019-09-29,West,Salaried
