CustomerID,Name,Email,Gender,Age,City,MaritalStatus,NumChildren,JoinDate
CUST10000,Onkar Bhargava,pkeer@yahoo.com,Male,54,Delhi,Divorced,0,2021-02-22
CUST10001,Divit Kohli,mkalita@sarin.com,Female,48,Kolkata,Married,0,2023-12-06
CUST10002,Kiara Behl,apteanay@hotmail.com,Male,75,Kolkata,Widowed,2,2023-08-23
CUST10003,Vaibhav Sankar,bseshadri@choudhry.info,Male,62,Pune,Divorced,2,2022-11-17
CUST10004,Shray D’Alia,bdhillon@toor-mall.com,Male,55,Delhi,Divorced,0,2022-12-04
CUST10005,Fateh Sharaf,qkulkarni@gmail.com,Male,59,Jaipur,Single,3,2021-05-13
CUST10006,Khushi Wadhwa,craja@yahoo.com,Female,61,Hyderabad,Widowed,2,2021-11-12
CUST10007,Zeeshan Salvi,ira51@saini-kumar.com,Not Disclosed,32,Pune,Widowed,1,2021-08-10
CUST10008,Elakshi Trivedi,ayesha07@gmail.com,Female,32,Hyderabad,Widowed,4,2023-11-20
CUST10009,Neelofar Chada,abramsolanki@madan.com,Male,44,Jaipur,Single,0,2021-11-20
CUST10010,Kashvi Goda,nirvi89@hotmail.com,Not Disclosed,73,Ahmedabad,Single,2,2022-04-18
CUST10011,Vardaniya Varty,aaryahibala@virk-gopal.org,Not Disclosed,63,Jaipur,Widowed,1,2020-08-06
CUST10012,Dishani Jhaveri,zeeshan50@hotmail.com,Not Disclosed,30,Ahmedabad,Divorced,1,2022-12-07
CUST10013,Amira Rama,myrachakrabarti@master.com,Female,72,Jaipur,Widowed,1,2022-11-15
CUST10014,Arhaan Trivedi,vigadvik@amble-shroff.com,Male,48,Hyderabad,Widowed,1,2023-12-21
CUST10015,Faiyaz Sur,riaan12@datta.com,Male,41,Jaipur,Divorced,0,2021-08-20
CUST10016,Neelofar Sawhney,usarna@yahoo.com,Not Disclosed,50,Delhi,Married,1,2023-05-15
CUST10017,Anay Dugal,aaina34@gmail.com,Female,41,Pune,Single,1,2022-08-03
CUST10018,Mahika Kalita,advikissac@badami.com,Female,63,Lucknow,Widowed,2,2021-08-26
CUST10019,Inaaya  Thaman,hchoudhury@aurora.org,Male,50,Hyderabad,Single,2,2022-06-21
CUST10020,Nirvi Raval,shanrohan@gmail.com,Not Disclosed,73,Jaipur,Married,1,2023-12-29
CUST10021,Ryan Banik,rohan26@date.net,Female,72,Lucknow,Divorced,1,2021-06-23
CUST10022,Kiara Tank,xchada@rastogi.biz,Female,60,Jaipur,Single,1,2024-04-24
CUST10023,Divyansh Chauhan,bhaminiben@hotmail.com,Not Disclosed,50,Bangalore,Married,1,2021-06-05
CUST10024,Dishani Krish,manjari64@brar.com,Male,48,Chennai,Married,3,2022-03-26
CUST10025,Shayak Kala,pari16@gera.net,Female,49,Chennai,Widowed,1,2024-01-10
CUST10026,Chirag Seshadri,bhavsarjayan@luthra.com,Not Disclosed,52,Lucknow,Divorced,1,2022-08-20
CUST10027,Kismat Kulkarni,shayak51@yahoo.com,Male,69,Hyderabad,Married,1,2023-10-21
CUST10028,Himmat Mann,arnav61@verma-subramaniam.com,Male,73,Delhi,Divorced,0,2021-07-29
CUST10029,Shlok Bhandari,mangalira@gmail.com,Not Disclosed,22,Delhi,Single,1,2024-02-06
CUST10030,Priyansh Gopal,karnikraghav@gmail.com,Female,33,Ahmedabad,Single,2,2022-12-25
CUST10031,Ritvik Ahuja,jhaverifarhan@chandra.org,Male,40,Ahmedabad,Single,0,2023-12-03
CUST10032,Farhan Kar,indranilsharaf@kalla.net,Female,51,Bangalore,Divorced,2,2022-05-14
CUST10033,Ira Date,divyansh35@gmail.com,Female,47,Chennai,Widowed,1,2024-06-10
CUST10034,Vedika Divan,uhayre@yahoo.com,Male,37,Kolkata,Divorced,1,2020-09-09
CUST10035,Samar Rama,dassmadhav@hotmail.com,Male,34,Delhi,Divorced,3,2020-11-03
CUST10036,Nitara Gokhale,hrishitachawla@yahoo.com,Not Disclosed,31,Lucknow,Widowed,2,2023-11-19
CUST10037,Taran Baria,shettyalia@gmail.com,Male,32,Mumbai,Widowed,0,2021-06-03
CUST10038,Manikya Hayer,gadekabir@yahoo.com,Not Disclosed,28,Pune,Widowed,1,2023-05-07
CUST10039,Nirvaan Ganesh,dasmadhup@swamy.biz,Male,58,Jaipur,Widowed,0,2023-12-12
CUST10040,Ishita Vig,aptemyra@dhillon.info,Not Disclosed,19,Kolkata,Divorced,2,2020-11-18
CUST10041,Divyansh Krishna,kumarnitya@gmail.com,Female,21,Ahmedabad,Married,4,2022-07-27
CUST10042,Hridaan Tara,emir89@yahoo.com,Male,37,Delhi,Single,1,2021-05-03
CUST10043,Hridaan Mahajan,misha83@doctor.net,Female,65,Bangalore,Widowed,1,2021-02-10
CUST10044,Riya Venkataraman,vanya17@maharaj-dass.net,Male,18,Jaipur,Single,1,2021-03-31
CUST10045,Aayush Hora,pranaykibe@gmail.com,Male,75,Lucknow,Widowed,0,2022-06-11
CUST10046,Kaira Andra,kavya29@biswas.com,Not Disclosed,57,Jaipur,Single,1,2023-12-12
CUST10047,Jayant Ramesh,aradhyaaggarwal@lalla.net,Female,24,Hyderabad,Widowed,1,2022-04-07
CUST10048,Piya Reddy,sakshamkota@khatri.biz,Female,24,Kolkata,Divorced,1,2024-05-16
CUST10049,Neelofar Choudhary,singhdiya@vyas.net,Male,38,Lucknow,Widowed,3,2022-01-03
CUST10050,Sahil Dixit,ivan79@gmail.com,Male,28,Hyderabad,Divorced,2,2023-10-31
CUST10051,Mahika Kurian,indransdass@yahoo.com,Not Disclosed,68,Bangalore,Divorced,1,2024-03-20
CUST10052,Bhamini Sangha,veer82@hotmail.com,Female,61,Delhi,Widowed,3,2021-07-02
CUST10053,Eshani Bath,deolsara@gmail.com,Female,74,Jaipur,Widowed,2,2023-09-05
CUST10054,Ahana  Varghese,bsuresh@butala-gaba.info,Not Disclosed,33,Delhi,Single,0,2021-03-02
CUST10055,Lakshit Bhasin,qbhargava@yahoo.com,Male,28,Jaipur,Married,0,2021-02-10
CUST10056,Uthkarsh Shere,evakanda@anne.org,Female,56,Jaipur,Divorced,1,2021-10-03
CUST10057,Lagan Chadha,hrishitachaudhry@yahoo.com,Female,25,Ahmedabad,Married,3,2021-08-09
CUST10058,Pihu Kapoor,ayesha61@mangal.com,Not Disclosed,67,Pune,Married,1,2021-11-24
CUST10059,Zara Arora,mahajanritvik@sidhu.com,Male,38,Mumbai,Widowed,0,2021-10-13
CUST10060,Kaira Swaminathan,rkrishnamurthy@yahoo.com,Male,71,Bangalore,Divorced,0,2020-11-22
CUST10061,Aarav Bhatia,tgill@hotmail.com,Not Disclosed,68,Kolkata,Single,1,2023-10-20
CUST10062,Vardaniya Setty,sabharwaluthkarsh@yahoo.com,Male,54,Delhi,Divorced,1,2022-04-10
CUST10063,Ranbir Ravi,hrama@sharma-sawhney.com,Female,54,Jaipur,Single,1,2021-06-10
CUST10064,Alisha Rao,eshani06@kala.org,Female,24,Mumbai,Divorced,0,2023-07-25
CUST10065,Bhamini Sharma,mohanlal06@rau.biz,Not Disclosed,18,Delhi,Widowed,0,2023-01-22
CUST10066,Jayesh Sinha,ghoshprerak@jha.net,Male,30,Hyderabad,Widowed,0,2023-11-26
CUST10067,Anahi Thaman,dchad@hotmail.com,Female,28,Hyderabad,Married,2,2021-11-12
CUST10068,Diya Bawa,goeldarshit@hotmail.com,Male,45,Kolkata,Divorced,1,2020-10-07
CUST10069,Ivan Kulkarni,iyermyra@devi.com,Not Disclosed,48,Chennai,Single,0,2022-06-16
CUST10070,Miraan Wali,darshit18@hotmail.com,Female,20,Mumbai,Single,2,2022-10-27
CUST10071,Diya Mallick,rohansachdeva@saxena.com,Female,64,Lucknow,Divorced,1,2022-02-20
CUST10072,Vihaan Mand,anyasubramanian@yahoo.com,Female,43,Delhi,Single,3,2022-02-01
CUST10073,Saanvi Choudhry,nitaraaurora@hotmail.com,Not Disclosed,47,Delhi,Divorced,0,2024-04-05
CUST10074,Adah Sidhu,kanav12@kapadia.com,Not Disclosed,67,Jaipur,Widowed,2,2022-04-15
CUST10075,Amira Lall,vanyabiswas@kannan.biz,Female,29,Jaipur,Married,1,2023-02-25
CUST10076,Saanvi Chauhan,beramanikya@yahoo.com,Male,41,Delhi,Divorced,0,2021-08-06
CUST10077,Divyansh Chander,tailorkimaya@walia.com,Female,23,Lucknow,Divorced,3,2021-12-10
CUST10078,Shlok Saini,rameshrania@gmail.com,Female,37,Mumbai,Divorced,0,2022-09-05
CUST10079,Yakshit Dada,wgulati@gmail.com,Not Disclosed,75,Ahmedabad,Married,1,2020-12-23
CUST10080,Raunak Kashyap,alishasehgal@yahoo.com,Not Disclosed,57,Lucknow,Single,0,2021-07-23
CUST10081,Kiara Bhakta,bajajabram@varughese.com,Male,69,Hyderabad,Widowed,0,2021-12-23
CUST10082,Kavya Dhawan,wbuch@borra.com,Not Disclosed,73,Delhi,Single,0,2024-05-09
CUST10083,Nitya Madan,idatta@kashyap.com,Male,36,Chennai,Widowed,1,2022-03-22
CUST10084,Armaan Loyal,arnavdevan@kalita.com,Male,24,Jaipur,Divorced,0,2024-06-05
CUST10085,Navya Bhattacharyya,nitarakapur@yahoo.com,Not Disclosed,29,Bangalore,Married,4,2020-09-09
CUST10086,Pranay Rege,bijuraja@chahal.org,Female,37,Delhi,Divorced,0,2021-12-23
CUST10087,Sumer Mahal,riyawable@hotmail.com,Male,27,Jaipur,Single,2,2023-07-18
CUST10088,Riya Deol,jayesh12@chaudry.com,Not Disclosed,69,Jaipur,Married,0,2022-05-18
CUST10089,Drishya Keer,dugararnav@gmail.com,Female,52,Bangalore,Single,2,2020-10-19
CUST10090,Ahana  Salvi,tsingh@arora-shan.net,Not Disclosed,33,Ahmedabad,Single,2,2022-11-01
CUST10091,Ojas Sura,doraarhaan@yahoo.com,Female,69,Kolkata,Divorced,1,2021-09-21
CUST10092,Saksham Shah,yashvi61@doshi.com,Not Disclosed,47,Mumbai,Widowed,2,2020-10-27
CUST10093,Shalv Gara,iben@hotmail.com,Male,34,Pune,Single,2,2022-09-17
CUST10094,Eshani Mammen,shanaya23@hayer-lad.com,Female,54,Mumbai,Single,2,2024-01-15
CUST10095,Shray Bhatnagar,doctoryasmin@loke.com,Not Disclosed,26,Lucknow,Married,0,2020-12-27
CUST10096,Purab Gaba,bordesamar@gaba.org,Female,43,Lucknow,Widowed,0,2021-12-06
CUST10097,Ranbir Khatri,seher61@hotmail.com,Male,32,Pune,Single,0,2020-11-12
CUST10098,Himmat Bajwa,vardaniya39@hotmail.com,Female,50,Pune,Married,0,2023-12-25
CUST10099,Yasmin Rout,ddube@hotmail.com,Female,61,Pune,Married,2,2022-01-06
CUST10100,Aniruddh Borah,jivikabhavsar@gmail.com,Female,53,Lucknow,Divorced,4,2022-01-08
CUST10101,Samiha Rao,mahajanpihu@saxena-bera.com,Male,21,Delhi,Divorced,0,2021-05-11
CUST10102,Mohanlal Mangal,sundarammadhav@tripathi.biz,Male,37,Ahmedabad,Divorced,2,2021-09-08
CUST10103,Aradhya Savant,krishram@yahoo.com,Female,28,Pune,Single,3,2020-08-31
CUST10104,Aarna Kara,yasminkhosla@hotmail.com,Not Disclosed,50,Lucknow,Widowed,0,2024-04-03
CUST10105,Yuvraj  Chaudhuri,fkurian@jaggi.net,Female,45,Hyderabad,Single,1,2020-11-18
CUST10106,Arnav Goda,chandranrohan@hotmail.com,Female,63,Chennai,Widowed,1,2023-12-17
CUST10107,Hrishita Bhasin,urvi89@hotmail.com,Male,52,Mumbai,Single,2,2023-07-07
CUST10108,Hrishita Tank,alisha42@hotmail.com,Not Disclosed,24,Ahmedabad,Single,4,2021-10-10
CUST10109,Ira Som,myra06@sahota.com,Male,67,Lucknow,Single,1,2022-06-19
CUST10110,Raunak Sahni,bathaarush@desai-kata.com,Male,72,Kolkata,Widowed,1,2022-05-13
CUST10111,Myra Shere,vidur71@yahoo.com,Female,46,Bangalore,Widowed,4,2023-12-17
CUST10112,Zeeshan Borah,pranaygour@raja.biz,Male,45,Lucknow,Widowed,3,2022-01-30
CUST10113,Seher Kade,xganesh@yahoo.com,Not Disclosed,36,Ahmedabad,Married,1,2021-09-02
CUST10114,Yakshit Sehgal,balayhansh@gmail.com,Not Disclosed,18,Hyderabad,Widowed,1,2021-06-28
CUST10115,Samiha Arya,indrans71@sachar-sengupta.com,Male,58,Lucknow,Married,2,2021-03-18
CUST10116,Dhruv Kala,hazelkakar@bajwa-sachdev.com,Male,29,Ahmedabad,Married,1,2024-02-15
CUST10117,Oorja Shanker,piya42@swaminathan-sundaram.com,Female,37,Lucknow,Divorced,2,2023-09-13
CUST10118,Parinaaz Rout,qbhatia@din-sanghvi.net,Female,68,Bangalore,Divorced,1,2023-12-02
CUST10119,Farhan Raman,bordeveer@hotmail.com,Male,67,Hyderabad,Widowed,0,2022-09-10
CUST10120,Ivan Lad,isharaf@yahoo.com,Male,75,Mumbai,Single,1,2024-06-04
CUST10121,Myra Wason,aradhya10@saha.com,Male,52,Ahmedabad,Married,0,2024-04-08
CUST10122,Rohan Sidhu,diyadevan@sastry-dasgupta.biz,Female,54,Ahmedabad,Widowed,1,2020-10-24
CUST10123,Onkar Chatterjee,latamahika@hotmail.com,Female,66,Jaipur,Divorced,0,2021-03-16
CUST10124,Purab Dey,priyansh73@yahoo.com,Female,63,Pune,Divorced,1,2021-03-17
CUST10125,Nakul Gara,seherwable@saran.com,Female,39,Lucknow,Widowed,0,2022-02-20
CUST10126,Eva Sant,sakshamrastogi@khatri-gala.com,Female,42,Hyderabad,Single,4,2020-10-27
CUST10127,Rasha Dave,raviheer@bakshi.com,Not Disclosed,56,Jaipur,Married,4,2021-02-12
CUST10128,Damini Mander,agade@gmail.com,Female,56,Jaipur,Widowed,3,2021-07-15
CUST10129,Mannat Choudhary,ranbirsangha@vasa.org,Not Disclosed,37,Bangalore,Widowed,2,2024-01-26
CUST10130,Akarsh Bhat,hiran14@gmail.com,Not Disclosed,30,Chennai,Single,2,2023-08-19
CUST10131,Shray Barad,doctorsamar@desai.com,Not Disclosed,45,Kolkata,Divorced,3,2023-06-22
CUST10132,Dhanush Boase,saira31@hotmail.com,Not Disclosed,64,Delhi,Widowed,4,2022-02-10
CUST10133,Aayush Kurian,godazaina@hotmail.com,Male,58,Ahmedabad,Single,1,2021-12-21
CUST10134,Mahika Virk,rbath@hotmail.com,Not Disclosed,27,Kolkata,Divorced,2,2023-08-27
CUST10135,Jivika Kadakia,madhup48@gmail.com,Male,70,Lucknow,Single,1,2023-03-20
CUST10136,Jayant Dara,idevan@dass.com,Female,69,Kolkata,Divorced,0,2020-10-20
CUST10137,Anika Bhatnagar,sharmaumang@gmail.com,Female,49,Bangalore,Widowed,1,2022-10-30
CUST10138,Inaaya  Mall,alia22@mann.com,Female,50,Delhi,Widowed,0,2023-05-11
CUST10139,Tejas Wali,indransvala@yahoo.com,Male,60,Pune,Single,0,2022-08-19
CUST10140,Yuvaan Bhargava,ritvik90@agrawal.com,Not Disclosed,28,Delhi,Widowed,2,2024-02-13
CUST10141,Amira Aurora,xdevi@yahoo.com,Female,56,Ahmedabad,Married,1,2022-03-10
CUST10142,Baiju Bawa,royrenee@hotmail.com,Male,74,Chennai,Divorced,0,2022-04-20
CUST10143,Faiyaz Raj,ishita49@gokhale.com,Not Disclosed,71,Jaipur,Divorced,1,2020-07-29
CUST10144,Emir Mand,farhansoni@gmail.com,Not Disclosed,65,Mumbai,Married,0,2024-07-08
CUST10145,Aarna Wable,nirvi09@yahoo.com,Not Disclosed,63,Jaipur,Divorced,1,2024-06-21
CUST10146,Taimur Din,ssur@gmail.com,Not Disclosed,32,Kolkata,Widowed,0,2022-05-04
CUST10147,Bhavin Garde,inaaya-rout@kohli.com,Female,73,Lucknow,Divorced,2,2023-04-11
CUST10148,Anvi Yadav,lraval@sehgal-comar.com,Female,57,Hyderabad,Single,3,2023-01-20
CUST10149,Shalv Saha,esharaf@koshy-sachdev.com,Not Disclosed,43,Chennai,Widowed,3,2021-08-18
CUST10150,Yakshit Madan,ideol@ahuja.biz,Male,68,Ahmedabad,Married,0,2022-05-31
CUST10151,Neysa Barad,ysinha@krishnamurthy.com,Not Disclosed,28,Lucknow,Widowed,1,2021-01-14
CUST10152,Indrans Lala,advik76@sarraf.com,Not Disclosed,27,Lucknow,Divorced,1,2024-06-23
CUST10153,Aarush Magar,qbuch@garg.com,Male,26,Bangalore,Widowed,1,2022-11-11
CUST10154,Jayant Guha,aaryahidalal@kuruvilla.com,Female,33,Delhi,Married,2,2020-11-24
CUST10155,Nishith Issac,mandernayantara@gmail.com,Female,22,Delhi,Married,1,2023-07-21
CUST10156,Jhanvi Batta,ladnakul@gmail.com,Female,24,Bangalore,Single,0,2022-03-22
CUST10157,Anahita Dewan,kimayabhavsar@hotmail.com,Not Disclosed,19,Hyderabad,Single,1,2020-08-30
CUST10158,Trisha Loke,kmalhotra@hotmail.com,Not Disclosed,70,Lucknow,Widowed,1,2023-08-02
CUST10159,Zara Chaudhry,taran24@hotmail.com,Female,25,Lucknow,Married,0,2022-04-04
CUST10160,Vanya Sen,shayak24@date-ghosh.biz,Female,32,Pune,Widowed,1,2021-10-06
CUST10161,Abram Borde,mamooty31@luthra.net,Male,32,Hyderabad,Divorced,1,2021-10-05
CUST10162,Kashvi Boase,msawhney@gmail.com,Not Disclosed,42,Hyderabad,Widowed,2,2022-05-26
CUST10163,Indrans Srivastava,shenoyyuvaan@joshi-sanghvi.com,Female,49,Lucknow,Single,3,2023-03-27
CUST10164,Pari Luthra,vaibhavboase@chaudhuri-sahota.biz,Male,20,Mumbai,Single,3,2023-02-02
CUST10165,Mamooty Dixit,ayesha84@kurian.com,Female,74,Kolkata,Divorced,3,2022-02-03
CUST10166,Akarsh Dhillon,tanya74@balakrishnan.com,Female,28,Bangalore,Single,0,2023-07-29
CUST10167,Mohanlal Tara,varmaadira@raj.com,Male,74,Jaipur,Single,1,2021-04-03
CUST10168,Gatik Zachariah,hsahota@talwar.org,Female,26,Delhi,Widowed,2,2022-09-20
CUST10169,Saanvi Bhasin,esaini@rana.com,Female,75,Mumbai,Single,1,2021-08-28
CUST10170,Oorja Sampath,xdevan@kade.info,Not Disclosed,71,Bangalore,Single,3,2023-04-16
CUST10171,Kabir Mammen,cshetty@chhabra-hegde.net,Male,45,Delhi,Married,0,2020-12-27
CUST10172,Nirvaan Batta,vaidyaaarna@chandra-chadha.org,Not Disclosed,26,Ahmedabad,Married,2,2024-01-27
CUST10173,Diya Hans,mehulgole@hotmail.com,Female,39,Ahmedabad,Divorced,2,2022-09-16
CUST10174,Shlok Zachariah,nbains@walla.com,Male,33,Mumbai,Married,1,2024-04-22
CUST10175,Keya Krishna,zbatra@upadhyay.com,Not Disclosed,62,Jaipur,Single,3,2022-07-27
CUST10176,Sumer Keer,banand@raja-shere.com,Not Disclosed,44,Jaipur,Married,2,2022-04-02
CUST10177,Kimaya Raja,venkateshmahika@yahoo.com,Not Disclosed,45,Delhi,Divorced,2,2023-12-16
CUST10178,Elakshi Subramanian,badamikaira@amble.com,Not Disclosed,66,Delhi,Divorced,0,2022-05-04
CUST10179,Suhana Majumdar,keya17@barman.info,Male,27,Mumbai,Married,3,2022-01-03
CUST10180,Ishaan Gaba,hunarwason@hotmail.com,Male,21,Delhi,Widowed,1,2021-12-30
CUST10181,Yuvaan Dutt,shlok49@yahoo.com,Male,38,Mumbai,Married,1,2021-03-16
CUST10182,Tiya Rau,tanya68@mangat-srivastava.org,Female,60,Bangalore,Widowed,2,2020-09-25
CUST10183,Rhea Chada,ibarman@yahoo.com,Female,19,Jaipur,Divorced,0,2020-12-05
CUST10184,Miraan Cheema,saira70@kunda.com,Female,23,Ahmedabad,Single,3,2022-12-01
CUST10185,Ira Dugar,ela20@yahoo.com,Male,64,Ahmedabad,Divorced,2,2024-01-26
CUST10186,Yasmin Shenoy,dugarzeeshan@bumb.com,Female,68,Kolkata,Single,3,2024-01-14
CUST10187,Kabir Zacharia,farhanraj@raj.com,Female,24,Kolkata,Married,1,2023-08-01
CUST10188,Amira Chaudhari,amani59@goel.com,Male,39,Chennai,Widowed,4,2023-08-23
CUST10189,Arhaan Butala,agrawalmanikya@gmail.com,Not Disclosed,48,Delhi,Married,2,2020-08-19
CUST10190,Arhaan Lalla,ahana-dhawan@korpal.com,Female,51,Jaipur,Single,3,2022-10-21
CUST10191,Neysa Bansal,kanavsani@dixit.org,Female,65,Bangalore,Married,1,2021-12-15
CUST10192,Akarsh Kohli,sahnimishti@salvi.biz,Not Disclosed,38,Delhi,Widowed,1,2022-08-04
CUST10193,Shayak Bansal,ratikurian@yahoo.com,Not Disclosed,22,Mumbai,Divorced,2,2024-02-04
CUST10194,Kismat Sangha,rbutala@hotmail.com,Not Disclosed,52,Chennai,Widowed,0,2024-02-26
CUST10195,Jivika Singhal,onkar40@hotmail.com,Female,35,Chennai,Single,1,2024-01-22
CUST10196,Vardaniya Karnik,mehul87@gmail.com,Male,38,Chennai,Divorced,1,2023-10-18
CUST10197,Shamik Sarin,bvenkataraman@rege.com,Female,35,Pune,Widowed,3,2023-07-20
CUST10198,Onkar Sheth,uthkarsh05@dubey-raja.com,Not Disclosed,42,Delhi,Single,0,2024-04-12
CUST10199,Shalv Bhasin,vanyasant@jayaraman-ramanathan.com,Not Disclosed,49,Lucknow,Divorced,2,2021-06-17
CUST10200,Nayantara Sarma,romil46@lall-kashyap.com,Not Disclosed,54,Chennai,Divorced,4,2021-07-25
CUST10201,Yuvraj  D’Alia,mohanlalchoudhury@saxena.biz,Not Disclosed,41,Kolkata,Divorced,1,2024-07-28
CUST10202,Saira Doctor,sawhneyrenee@hotmail.com,Female,52,Jaipur,Married,0,2021-06-20
CUST10203,Charvi Chada,goyaladira@garg.net,Female,61,Hyderabad,Married,3,2021-11-18
CUST10204,Lavanya Bhalla,aaryahi04@gmail.com,Male,67,Kolkata,Single,2,2022-08-28
CUST10205,Farhan Krishna,adira53@behl.net,Not Disclosed,61,Ahmedabad,Single,0,2023-04-17
CUST10206,Hansh Dhingra,chopraaarav@balasubramanian.com,Male,58,Lucknow,Single,3,2022-10-05
CUST10207,Aayush Badal,vardaniya09@gmail.com,Male,59,Bangalore,Widowed,0,2020-11-08
CUST10208,Anaya Chaudhry,kavya88@yahoo.com,Female,75,Pune,Divorced,0,2022-12-14
CUST10209,Jivin Cheema,darivana@hotmail.com,Male,56,Pune,Married,1,2024-05-09
CUST10210,Shalv Gade,anandjivika@gmail.com,Not Disclosed,41,Jaipur,Married,2,2022-07-02
CUST10211,Tara Chanda,jayeshdoshi@balan.com,Not Disclosed,22,Ahmedabad,Widowed,0,2022-09-22
CUST10212,Indrajit D’Alia,shray09@kant.com,Not Disclosed,52,Kolkata,Widowed,0,2020-11-03
CUST10213,Fateh Balakrishnan,shenoysamiha@bassi.com,Not Disclosed,74,Jaipur,Widowed,0,2023-05-27
CUST10214,Riya Date,sairababu@hotmail.com,Female,18,Hyderabad,Divorced,2,2024-07-25
CUST10215,Shaan Gill,qsinghal@hotmail.com,Not Disclosed,18,Jaipur,Single,2,2021-08-24
CUST10216,Dhruv Kala,vvyas@ramakrishnan.com,Not Disclosed,74,Chennai,Divorced,1,2022-03-15
CUST10217,Trisha Sur,hazel45@yahoo.com,Not Disclosed,70,Jaipur,Widowed,2,2021-08-05
CUST10218,Tejas Goda,gkeer@gmail.com,Not Disclosed,37,Pune,Divorced,0,2022-04-25
CUST10219,Romil Chad,irasawhney@hotmail.com,Female,55,Bangalore,Married,0,2022-02-24
CUST10220,Amira Roy,ishaanbaral@date.com,Male,45,Lucknow,Single,1,2021-03-18
CUST10221,Anika Dubey,jbose@wali-kar.com,Female,36,Mumbai,Single,3,2021-04-21
CUST10222,Piya Dugar,anviloke@bajaj.com,Male,42,Ahmedabad,Widowed,0,2024-03-02
CUST10223,Sara Goswami,shlok12@yahoo.com,Female,58,Pune,Divorced,1,2023-05-03
CUST10224,Mannat Sawhney,dasguptaromil@manda-jaggi.com,Male,48,Chennai,Married,1,2020-09-17
CUST10225,Mehul Dhillon,divitbir@gour.com,Male,29,Ahmedabad,Divorced,3,2022-02-07
CUST10226,Manikya Barad,cvenkataraman@hotmail.com,Not Disclosed,68,Ahmedabad,Widowed,0,2021-03-04
CUST10227,Jivin Kunda,adahsuri@gmail.com,Not Disclosed,36,Kolkata,Divorced,1,2022-10-01
CUST10228,Manikya Singh,trishachawla@bumb.com,Female,31,Pune,Widowed,2,2021-10-02
CUST10229,Vardaniya Gole,parinaazsarin@bassi.com,Male,22,Bangalore,Married,4,2021-05-10
CUST10230,Ivan Mani,sakshamwalia@majumdar-badami.com,Male,64,Mumbai,Single,0,2023-02-18
CUST10231,Charvi Mammen,aradhyabandi@hotmail.com,Female,67,Delhi,Widowed,2,2024-03-15
CUST10232,Lavanya Dutt,agara@deep.com,Male,71,Mumbai,Single,1,2021-12-06
CUST10233,Shaan Chowdhury,ojas47@yahoo.com,Male,53,Hyderabad,Widowed,1,2020-08-27
CUST10234,Ishaan Ravel,bhardwajadah@yahoo.com,Not Disclosed,24,Jaipur,Widowed,2,2020-08-16
CUST10235,Ranbir Gokhale,mahika42@yahoo.com,Not Disclosed,25,Ahmedabad,Divorced,0,2024-07-08
CUST10236,Divit Issac,vivaankar@gmail.com,Not Disclosed,72,Mumbai,Married,2,2021-03-07
CUST10237,Rasha Dara,dhanushshanker@bahl.net,Male,73,Kolkata,Single,2,2024-02-12
CUST10238,Rati Gade,aissac@majumdar-sengupta.net,Female,61,Jaipur,Widowed,3,2022-07-31
CUST10239,Ivan Rajagopalan,trivedisamaira@yahoo.com,Male,56,Pune,Single,0,2024-02-09
CUST10240,Advika Dani,kanttara@yahoo.com,Not Disclosed,75,Hyderabad,Married,1,2024-01-26
CUST10241,Himmat Kant,jiya52@korpal.org,Female,65,Jaipur,Divorced,3,2021-05-28
CUST10242,Ahana  Sagar,yakshitkaul@dugar.com,Not Disclosed,75,Jaipur,Married,2,2021-07-27
CUST10243,Hansh Chana,ishitasastry@yahoo.com,Not Disclosed,39,Pune,Single,0,2021-04-18
CUST10244,Diya Majumdar,elakshirandhawa@hotmail.com,Not Disclosed,60,Chennai,Divorced,0,2022-07-26
CUST10245,Raunak Samra,talwarshlok@kala.net,Not Disclosed,46,Ahmedabad,Single,0,2021-11-20
CUST10246,Miraya Wali,itandon@yahoo.com,Female,35,Hyderabad,Widowed,0,2023-09-13
CUST10247,Baiju Basak,luthravidur@kapadia.com,Female,30,Kolkata,Single,1,2022-02-14
CUST10248,Elakshi Varkey,kiarakar@hayer-dhillon.com,Not Disclosed,50,Bangalore,Widowed,0,2022-08-05
CUST10249,Kismat Deshpande,mallbiju@bali.info,Female,62,Ahmedabad,Divorced,1,2023-11-16
CUST10250,Ahana  Ganesh,vbala@dewan-jayaraman.info,Female,41,Lucknow,Widowed,0,2024-03-10
CUST10251,Ivan Iyer,jkrishnan@yahoo.com,Male,56,Bangalore,Widowed,1,2021-12-25
CUST10252,Hiran Ramaswamy,vedikatak@wali.com,Male,50,Chennai,Married,2,2021-03-12
CUST10253,Aarna Bal,umangmammen@yahoo.com,Male,38,Lucknow,Widowed,1,2021-01-05
CUST10254,Vivaan Amble,csehgal@yahoo.com,Male,26,Bangalore,Divorced,0,2024-07-24
CUST10255,Nayantara Mannan,suhana42@gmail.com,Not Disclosed,52,Mumbai,Married,2,2023-09-22
CUST10256,Alia Bose,luthragatik@hotmail.com,Male,54,Hyderabad,Divorced,1,2022-08-28
CUST10257,Bhamini Sandhu,jhanvi97@yahoo.com,Male,67,Mumbai,Divorced,2,2021-12-05
CUST10258,Heer Chopra,heerchaudhry@das.com,Male,23,Hyderabad,Divorced,2,2022-08-20
CUST10259,Shalv Kadakia,taran59@wadhwa.biz,Female,35,Lucknow,Widowed,0,2024-06-04
CUST10260,Mamooty Dugar,xsami@gmail.com,Female,40,Bangalore,Single,0,2021-06-18
CUST10261,Nehmat Yohannan,mehulbali@hotmail.com,Male,61,Lucknow,Single,1,2020-08-11
CUST10262,Lagan Savant,kallaaarush@yahoo.com,Male,64,Delhi,Divorced,1,2021-12-08
CUST10263,Indrans Bhalla,hridaan66@madan-viswanathan.net,Female,51,Mumbai,Divorced,0,2020-12-20
CUST10264,Kartik Buch,hunarbhasin@master-lal.com,Male,43,Chennai,Married,0,2021-10-02
CUST10265,Shamik Raman,akarshgola@gmail.com,Female,35,Mumbai,Divorced,4,2022-05-29
CUST10266,Rania Kothari,sachdevdhruv@gmail.com,Male,40,Bangalore,Divorced,1,2021-07-15
CUST10267,Jivika Bora,rhea24@ghosh.info,Not Disclosed,54,Lucknow,Widowed,1,2022-11-03
CUST10268,Kiaan Sem,prishasur@sen.com,Not Disclosed,43,Ahmedabad,Married,2,2020-09-13
CUST10269,Ela Chandra,talwarzaina@verma.com,Not Disclosed,26,Mumbai,Single,0,2020-10-02
CUST10270,Saanvi Mani,hridaan65@hotmail.com,Male,75,Kolkata,Divorced,1,2021-01-07
CUST10271,Zain Kamdar,kiaanbali@gmail.com,Female,52,Ahmedabad,Divorced,1,2022-01-21
CUST10272,Akarsh Dara,nsrinivasan@yahoo.com,Female,63,Delhi,Divorced,0,2021-08-02
CUST10273,Baiju Chadha,kalevedika@johal-bhatti.com,Not Disclosed,41,Jaipur,Single,2,2022-12-27
CUST10274,Zeeshan Sood,kulkarniamani@gmail.com,Female,61,Bangalore,Married,0,2023-07-13
CUST10275,Keya Balan,trivedinirvaan@hotmail.com,Not Disclosed,27,Hyderabad,Widowed,2,2023-07-03
CUST10276,Adira Borde,hansh24@keer.com,Female,41,Ahmedabad,Married,0,2023-04-18
CUST10277,Suhana Sunder,keerinaaya@hotmail.com,Female,71,Pune,Widowed,0,2022-08-18
CUST10278,Gokul Luthra,hdara@yahoo.com,Not Disclosed,27,Ahmedabad,Divorced,2,2022-09-15
CUST10279,Advika Bhardwaj,kiararamaswamy@goyal.com,Not Disclosed,56,Mumbai,Single,3,2022-08-09
CUST10280,Faiyaz Sant,kundaadah@bath.info,Not Disclosed,26,Kolkata,Single,1,2021-01-09
CUST10281,Kaira Kala,cratti@hotmail.com,Female,56,Kolkata,Divorced,3,2023-03-05
CUST10282,Raghav Rao,rchoudhary@yahoo.com,Female,43,Lucknow,Widowed,0,2023-02-08
CUST10283,Ahana  Loke,drishya27@divan-master.org,Female,67,Mumbai,Single,2,2023-11-14
CUST10284,Diya Sahni,jsani@hotmail.com,Male,55,Bangalore,Divorced,1,2021-05-08
CUST10285,Suhana Rau,advik12@tara-warrior.com,Not Disclosed,59,Chennai,Widowed,2,2022-04-08
CUST10286,Pranay Uppal,hiran18@gmail.com,Male,69,Lucknow,Married,0,2024-02-03
CUST10287,Alia Keer,gokul08@gmail.com,Female,73,Bangalore,Single,2,2022-07-06
CUST10288,Misha Tailor,adhar@deol.com,Not Disclosed,38,Kolkata,Divorced,0,2023-11-06
CUST10289,Faiyaz Bawa,nbath@yahoo.com,Not Disclosed,75,Mumbai,Widowed,1,2022-12-24
CUST10290,Khushi Vohra,jayanbala@bhardwaj.com,Female,36,Chennai,Widowed,2,2022-10-29
CUST10291,Suhana Srinivasan,hazelborde@verma.com,Male,58,Lucknow,Married,0,2022-12-08
CUST10292,Prisha Trivedi,mannat24@hotmail.com,Not Disclosed,25,Jaipur,Married,1,2022-09-19
CUST10293,Darshit Varty,apteadah@hotmail.com,Not Disclosed,49,Chennai,Single,4,2024-01-11
CUST10294,Aarna Kamdar,lakshitsodhi@badal.biz,Male,48,Hyderabad,Widowed,2,2021-10-10
CUST10295,Sumer Goel,vritikachowdhury@tailor.com,Male,43,Hyderabad,Single,0,2024-03-08
CUST10296,Samarth Talwar,onkarbrahmbhatt@walla.biz,Female,60,Hyderabad,Widowed,2,2020-11-10
CUST10297,Piya Setty,qdugal@dhingra.com,Female,49,Hyderabad,Widowed,1,2021-01-11
CUST10298,Nitara Badal,bloyal@gmail.com,Not Disclosed,25,Lucknow,Widowed,3,2023-07-05
CUST10299,Neelofar Bawa,hchaudhry@yahoo.com,Male,27,Mumbai,Widowed,1,2021-07-23
CUST10300,Nirvaan Korpal,charvigola@rout.org,Male,59,Delhi,Married,1,2020-12-28
CUST10301,Ishita Kade,jvig@bhatt-balasubramanian.com,Female,60,Jaipur,Divorced,3,2022-06-01
CUST10302,Navya Batta,anvi96@kumar-thakkar.com,Male,51,Delhi,Divorced,0,2022-03-24
CUST10303,Jhanvi Saxena,mandnitara@hotmail.com,Female,69,Hyderabad,Widowed,4,2021-12-17
CUST10304,Trisha Goyal,suhana14@gmail.com,Not Disclosed,69,Hyderabad,Widowed,3,2024-06-12
CUST10305,Yuvraj  Sastry,khatrikeya@hotmail.com,Not Disclosed,29,Chennai,Married,0,2023-12-28
CUST10306,Ayesha Suresh,guhazaina@jha.com,Not Disclosed,53,Bangalore,Married,1,2021-02-15
CUST10307,Amani Barman,ghosetiya@gmail.com,Male,50,Hyderabad,Widowed,0,2021-08-21
CUST10308,Azad Master,ryan18@yahoo.com,Male,51,Hyderabad,Single,0,2020-11-12
CUST10309,Shaan Varty,eshani35@dada.com,Female,25,Lucknow,Single,1,2023-03-20
CUST10310,Heer Edwin,sahaanya@yahoo.com,Not Disclosed,24,Pune,Single,4,2021-11-23
CUST10311,Hunar Dara,dayalyakshit@biswas.net,Male,67,Mumbai,Single,4,2024-04-15
CUST10312,Saksham Hans,armaankapoor@iyer.com,Female,47,Ahmedabad,Widowed,0,2024-06-18
CUST10313,Saira Ray,fganguly@gmail.com,Male,53,Chennai,Widowed,4,2023-11-10
CUST10314,Fateh Lala,mahluwalia@gmail.com,Female,53,Bangalore,Widowed,2,2020-11-15
CUST10315,Hrishita Bhakta,dararyan@lad.com,Male,49,Ahmedabad,Divorced,3,2022-07-10
CUST10316,Prerak Ghosh,badal00@hotmail.com,Female,54,Ahmedabad,Married,2,2024-06-09
CUST10317,Arnav Chauhan,alisha41@samra.com,Not Disclosed,23,Chennai,Divorced,3,2023-11-24
CUST10318,Myra Zachariah,kannansamiha@mammen.info,Female,34,Ahmedabad,Divorced,1,2020-09-13
CUST10319,Mamooty Biswas,viswanathanhiran@mani-basak.net,Not Disclosed,47,Mumbai,Married,4,2021-04-23
CUST10320,Kartik Issac,sumer48@vohra-jaggi.net,Female,32,Hyderabad,Single,2,2022-11-13
CUST10321,Ranbir Basu,zmanda@yohannan.com,Not Disclosed,57,Hyderabad,Widowed,2,2022-10-28
CUST10322,Ela Bal,madhupdutta@yahoo.com,Male,54,Bangalore,Widowed,1,2022-10-23
CUST10323,Samiha Tiwari,surprisha@gmail.com,Male,23,Delhi,Married,2,2020-09-30
CUST10324,Inaaya  Hayer,choprakartik@yahoo.com,Male,19,Kolkata,Widowed,1,2021-02-17
CUST10325,Rohan Lad,kanav88@loke.com,Male,55,Lucknow,Married,2,2023-07-31
CUST10326,Anvi Butala,swalia@borra.com,Not Disclosed,22,Hyderabad,Widowed,0,2020-12-12
CUST10327,Anika Chahal,qtak@venkatesh.biz,Male,60,Kolkata,Divorced,2,2023-08-03
CUST10328,Chirag Bhatt,gkoshy@hotmail.com,Male,32,Ahmedabad,Married,1,2024-04-14
CUST10329,Keya Dash,yuvaan56@hotmail.com,Not Disclosed,36,Delhi,Divorced,0,2022-02-20
CUST10330,Miraya Verma,piyavig@rau.com,Female,19,Ahmedabad,Single,2,2021-07-19
CUST10331,Khushi Koshy,hyohannan@sabharwal.info,Female,34,Lucknow,Single,0,2020-09-07
CUST10332,Shamik Sandhu,khushi89@bhattacharyya-mangal.com,Female,28,Bangalore,Single,0,2022-01-25
CUST10333,Saanvi Kant,yshere@krishna.com,Female,58,Lucknow,Married,2,2022-05-27
CUST10334,Anay Mandal,mishti82@din.com,Not Disclosed,50,Kolkata,Single,3,2021-10-17
CUST10335,Umang Iyengar,qsalvi@gmail.com,Not Disclosed,31,Kolkata,Married,2,2021-04-19
CUST10336,Jivika Barman,andraranbir@desai.com,Not Disclosed,34,Mumbai,Single,2,2022-12-20
CUST10337,Miraya Sekhon,karanshlok@gmail.com,Not Disclosed,42,Pune,Married,0,2022-11-11
CUST10338,Shray Shah,kannandrishya@hegde.com,Not Disclosed,28,Jaipur,Married,3,2024-03-06
CUST10339,Vivaan Bahri,aarush78@lall.biz,Female,67,Kolkata,Widowed,0,2021-07-24
CUST10340,Pari Lad,arnavramakrishnan@hotmail.com,Male,60,Bangalore,Married,1,2021-07-09
CUST10341,Yakshit Kumer,ahana-59@gmail.com,Female,66,Mumbai,Widowed,0,2022-03-07
CUST10342,Sana Shere,adahbuch@hotmail.com,Not Disclosed,52,Chennai,Married,0,2020-11-27
CUST10343,Priyansh Jhaveri,shray76@hotmail.com,Not Disclosed,65,Mumbai,Widowed,2,2022-09-27
CUST10344,Nakul Gola,akarsh14@vora.com,Male,29,Lucknow,Married,2,2022-03-05
CUST10345,Ayesha Anand,obhakta@bhalla.com,Female,51,Chennai,Married,0,2023-11-07
CUST10346,Divit Kaur,balakrishnanpurab@gmail.com,Not Disclosed,74,Lucknow,Single,1,2021-04-23
CUST10347,Seher Rege,kimaya71@yogi-dutta.biz,Male,47,Mumbai,Married,3,2022-10-29
CUST10348,Riaan Barman,wmand@kale-savant.biz,Female,48,Mumbai,Single,4,2024-07-22
CUST10349,Kabir Borra,sumer61@rajagopalan.org,Not Disclosed,43,Delhi,Widowed,2,2023-01-27
CUST10350,Hunar Singhal,anvisarraf@gola.net,Not Disclosed,59,Ahmedabad,Widowed,0,2024-05-31
CUST10351,Trisha Chaudry,siyabiswas@hotmail.com,Female,48,Mumbai,Widowed,0,2024-06-14
CUST10352,Ayesha Gill,aroratushar@brahmbhatt.biz,Female,55,Chennai,Married,1,2022-04-11
CUST10353,Aaryahi Raju,vyogi@gmail.com,Not Disclosed,72,Ahmedabad,Single,3,2022-06-18
CUST10354,Urvi Boase,divijagrawal@gmail.com,Female,44,Kolkata,Single,1,2023-02-03
CUST10355,Ranbir Chatterjee,isaxena@hotmail.com,Male,20,Lucknow,Single,0,2020-09-04
CUST10356,Ivana Handa,pkata@seth.com,Female,39,Chennai,Single,2,2021-09-23
CUST10357,Mohanlal Sastry,dhillonshray@hotmail.com,Not Disclosed,22,Pune,Single,2,2021-02-22
CUST10358,Rania Rao,keya08@yahoo.com,Female,39,Jaipur,Single,3,2024-04-01
CUST10359,Rania Sibal,rvarma@sachdev.biz,Female,41,Hyderabad,Married,3,2024-06-26
CUST10360,Jivika Wadhwa,somanivana@jayaraman.com,Male,55,Delhi,Widowed,1,2023-09-14
CUST10361,Hridaan Swamy,ptata@gmail.com,Not Disclosed,44,Chennai,Divorced,3,2022-04-18
CUST10362,Samaira Din,soodvihaan@hotmail.com,Not Disclosed,41,Mumbai,Single,2,2023-12-05
CUST10363,Hunar Edwin,khegde@yogi.net,Male,70,Ahmedabad,Widowed,1,2024-07-28
CUST10364,Lavanya Raja,vihaan70@hotmail.com,Not Disclosed,68,Lucknow,Single,0,2024-05-18
CUST10365,Indranil Upadhyay,hdevan@yahoo.com,Male,75,Ahmedabad,Widowed,0,2023-09-20
CUST10366,Oorja Sunder,dborra@srinivas.com,Female,53,Ahmedabad,Married,0,2020-08-11
CUST10367,Emir Tandon,mannnirvi@bains.biz,Female,64,Pune,Single,2,2021-07-13
CUST10368,Farhan Bakshi,indranilloyal@hotmail.com,Female,68,Hyderabad,Single,1,2021-03-13
CUST10369,Sumer Thakkar,shaanlanka@gmail.com,Female,36,Jaipur,Married,0,2022-08-28
CUST10370,Abram Swamy,kardhruv@gmail.com,Female,69,Mumbai,Single,4,2024-07-13
CUST10371,Seher Dey,amira61@hotmail.com,Female,65,Bangalore,Single,2,2024-04-12
CUST10372,Nayantara Salvi,goswamirhea@batta-kale.com,Not Disclosed,60,Jaipur,Widowed,0,2021-07-11
CUST10373,Umang Date,miraya28@rana.com,Male,32,Delhi,Married,4,2021-09-28
CUST10374,Taimur Rege,vsami@yogi-ratta.info,Not Disclosed,25,Ahmedabad,Widowed,0,2023-08-02
CUST10375,Baiju Lalla,kiaan33@hotmail.com,Male,41,Pune,Divorced,3,2021-01-18
CUST10376,Shray Dave,gsom@kala.com,Not Disclosed,64,Chennai,Married,3,2021-08-09
CUST10377,Divyansh Choudhary,jjain@sama.net,Not Disclosed,18,Mumbai,Widowed,0,2022-10-09
CUST10378,Ishaan Chokshi,renee55@hotmail.com,Female,75,Jaipur,Single,0,2023-05-30
CUST10379,Aniruddh Choudhry,xyohannan@hotmail.com,Male,51,Bangalore,Single,3,2021-08-24
CUST10380,Shlok Anand,pranayrout@bansal.com,Male,31,Pune,Divorced,0,2022-11-08
CUST10381,Suhana Talwar,agatevihaan@mangat-gala.biz,Not Disclosed,41,Chennai,Widowed,3,2023-07-03
CUST10382,Yuvaan Shroff,mannat16@gmail.com,Male,30,Lucknow,Married,0,2022-01-12
CUST10383,Shray Som,berakimaya@hotmail.com,Not Disclosed,37,Lucknow,Widowed,2,2023-03-07
CUST10384,Misha Shroff,svala@iyengar-rastogi.com,Female,19,Pune,Single,3,2020-10-20
CUST10385,Indrans Setty,zsampath@bawa-jayaraman.com,Not Disclosed,58,Lucknow,Widowed,2,2020-11-11
CUST10386,Madhav Sagar,vasarohan@yahoo.com,Not Disclosed,39,Chennai,Single,2,2024-05-28
CUST10387,Ojas Tata,bbhavsar@yahoo.com,Male,62,Jaipur,Widowed,4,2023-12-05
CUST10388,Lakshay Dewan,damini94@doctor-deo.com,Not Disclosed,54,Jaipur,Widowed,1,2022-10-16
CUST10389,Yasmin Wason,pranayhari@hotmail.com,Not Disclosed,54,Pune,Widowed,0,2021-10-22
CUST10390,Saira Chad,batrakeya@gmail.com,Female,61,Jaipur,Divorced,1,2022-06-15
CUST10391,Baiju Lal,johalyashvi@gmail.com,Female,56,Jaipur,Divorced,0,2024-07-13
CUST10392,Hansh Ahluwalia,mishagoel@hotmail.com,Male,56,Mumbai,Widowed,1,2023-03-15
CUST10393,Elakshi Barman,advik70@walla.com,Female,32,Jaipur,Widowed,0,2022-06-04
CUST10394,Vritika Kala,azadbahl@yahoo.com,Female,39,Bangalore,Widowed,3,2023-12-30
CUST10395,Vaibhav Dhawan,contractorshamik@yahoo.com,Male,59,Delhi,Divorced,3,2022-03-27
CUST10396,Kismat Chaudry,yashvi62@kuruvilla.com,Male,34,Jaipur,Single,1,2023-01-28
CUST10397,Parinaaz Hora,vanya04@de.com,Male,38,Chennai,Divorced,1,2023-12-27
CUST10398,Tanya Kapur,divyansh40@yahoo.com,Male,31,Delhi,Divorced,0,2023-03-17
CUST10399,Ira Chawla,samrayakshit@ahluwalia.com,Not Disclosed,22,Bangalore,Divorced,4,2021-04-27
CUST10400,Shlok Bava,kismatsarin@gmail.com,Not Disclosed,39,Hyderabad,Single,4,2020-08-02
CUST10401,Vanya Sarna,choudharyyuvaan@hotmail.com,Not Disclosed,62,Bangalore,Divorced,1,2020-11-18
CUST10402,Eva Johal,shankarvanya@sachdeva-johal.com,Female,44,Jaipur,Widowed,2,2020-08-25
CUST10403,Divij Ramesh,nitya43@hotmail.com,Male,30,Kolkata,Married,2,2021-04-02
CUST10404,Vidur Dasgupta,riya24@yahoo.com,Not Disclosed,33,Hyderabad,Married,2,2023-02-09
CUST10405,Damini Rege,heersahota@ben.com,Female,31,Lucknow,Married,2,2023-01-13
CUST10406,Madhup Bumb,vidurdeep@cherian-ravi.com,Female,65,Chennai,Single,2,2021-04-17
CUST10407,Tiya Babu,tkamdar@jain-sood.com,Not Disclosed,37,Pune,Widowed,0,2022-03-04
CUST10408,Reyansh Dey,jranganathan@hotmail.com,Male,19,Chennai,Widowed,1,2023-03-15
CUST10409,Vidur Balasubramanian,dhanuk73@venkatesh-dube.com,Not Disclosed,49,Chennai,Single,1,2022-02-02
CUST10410,Aarush Thakkar,btandon@yahoo.com,Female,69,Jaipur,Divorced,1,2021-09-19
CUST10411,Mahika Sem,seherkalita@yahoo.com,Female,66,Delhi,Widowed,0,2023-10-13
CUST10412,Dhanush Seth,tejas96@halder.biz,Male,73,Lucknow,Divorced,1,2021-10-21
CUST10413,Mahika Chaudhry,prishakhare@chadha-sankar.com,Male,21,Delhi,Married,0,2020-10-17
CUST10414,Rania Ghose,xtailor@gmail.com,Male,74,Delhi,Married,0,2021-07-05
CUST10415,Jivika Chanda,pihudash@bhasin.net,Male,45,Mumbai,Single,0,2022-03-08
CUST10416,Umang Dhar,dugalnirvi@borah.com,Male,52,Chennai,Divorced,2,2020-08-18
CUST10417,Priyansh Singhal,yohannankartik@ramachandran.com,Not Disclosed,18,Jaipur,Married,1,2023-01-30
CUST10418,Hrishita Vala,lavanyabalay@yahoo.com,Female,36,Lucknow,Divorced,3,2023-11-25
CUST10419,Devansh Sanghvi,kanavramaswamy@sarma.com,Male,31,Kolkata,Single,0,2021-08-10
CUST10420,Dhanush Gokhale,nirvimander@yahoo.com,Not Disclosed,62,Pune,Single,1,2020-11-07
CUST10421,Gokul Malhotra,bshanker@choudhury-kapadia.net,Female,25,Mumbai,Married,1,2022-06-02
CUST10422,Oorja Mander,sinhabadal@venkataraman-ranganathan.info,Male,66,Bangalore,Married,0,2022-03-29
CUST10423,Kaira Grover,amirachaudhry@hotmail.com,Female,75,Delhi,Single,2,2021-04-05
CUST10424,Kismat Chawla,raunakbera@basu.biz,Not Disclosed,27,Delhi,Widowed,0,2022-08-09
CUST10425,Oorja Toor,dsekhon@yahoo.com,Male,65,Ahmedabad,Divorced,0,2022-10-02
CUST10426,Sahil Shenoy,aaryahiahuja@yahoo.com,Male,46,Hyderabad,Married,2,2021-06-10
CUST10427,Nirvaan Sabharwal,dishanibal@halder.com,Male,21,Hyderabad,Single,2,2021-12-16
CUST10428,Aradhya Gour,roykimaya@hotmail.com,Male,23,Hyderabad,Divorced,2,2022-10-06
CUST10429,Miraan Lad,upadhyayneysa@sabharwal.com,Not Disclosed,45,Hyderabad,Single,2,2022-06-06
CUST10430,Advika Trivedi,jbora@krishnan-halder.com,Male,38,Chennai,Divorced,1,2024-03-05
CUST10431,Devansh Sarin,ngoswami@gmail.com,Not Disclosed,73,Lucknow,Widowed,3,2022-10-03
CUST10432,Madhup Khosla,miraanchaudhari@sama.com,Female,23,Kolkata,Married,2,2022-10-30
CUST10433,Zaina Som,raunakbhatia@ahluwalia.org,Female,74,Chennai,Married,2,2024-07-11
CUST10434,Yashvi Lalla,fmadan@sen-boase.net,Male,33,Delhi,Widowed,3,2021-11-30
CUST10435,Samar Sama,mshenoy@yahoo.com,Not Disclosed,37,Chennai,Divorced,1,2020-10-04
CUST10436,Vihaan Goswami,lakshit95@tiwari-rattan.com,Female,40,Chennai,Widowed,4,2022-07-19
CUST10437,Yashvi Upadhyay,rati24@hotmail.com,Not Disclosed,19,Chennai,Married,1,2020-12-23
CUST10438,Shanaya Gala,arnavbal@gmail.com,Female,54,Bangalore,Married,0,2024-07-24
CUST10439,Kismat Kashyap,deolyasmin@hotmail.com,Not Disclosed,58,Bangalore,Married,0,2023-08-01
CUST10440,Chirag Sekhon,bhattacharyyasuhana@ghose-deshmukh.info,Not Disclosed,34,Hyderabad,Divorced,2,2022-10-23
CUST10441,Faiyaz Dua,manikyalad@hotmail.com,Male,35,Pune,Divorced,0,2020-09-27
CUST10442,Aayush Agate,wsathe@wali.com,Male,53,Chennai,Widowed,3,2022-06-06
CUST10443,Ivana Rout,yakshitboase@saran.com,Male,61,Chennai,Single,2,2023-02-12
CUST10444,Mahika Wali,urvibadal@dewan.com,Female,52,Mumbai,Single,2,2021-02-15
CUST10445,Rati Tiwari,suramani@kalita.com,Male,59,Chennai,Divorced,1,2024-05-25
CUST10446,Vihaan Kala,sgill@yahoo.com,Female,72,Jaipur,Divorced,1,2023-06-27
CUST10447,Aayush Dugal,krishbiju@baral.info,Male,29,Kolkata,Single,4,2021-05-13
CUST10448,Hansh Sawhney,lchoudhry@hotmail.com,Not Disclosed,63,Hyderabad,Single,0,2020-08-01
CUST10449,Samaira Chopra,walishalv@bassi-bhat.net,Female,38,Lucknow,Widowed,0,2021-10-01
CUST10450,Shalv Sunder,kalekaira@yahoo.com,Male,32,Ahmedabad,Single,0,2021-07-22
CUST10451,Jivin Ranganathan,kabir79@kari.com,Male,32,Chennai,Divorced,0,2024-05-15
CUST10452,Nitya Ravel,vihaan59@yahoo.com,Male,22,Ahmedabad,Widowed,3,2020-11-04
CUST10453,Kanav Warrior,eshani75@hotmail.com,Female,55,Jaipur,Widowed,0,2022-05-28
CUST10454,Shalv Agrawal,zain23@sastry-kumar.org,Female,30,Kolkata,Single,0,2021-01-30
CUST10455,Kavya Dubey,deolnavya@bhalla.net,Male,66,Bangalore,Married,2,2020-10-08
CUST10456,Anahita Kale,bhaminiswaminathan@krishnamurthy-dhingra.biz,Male,28,Pune,Divorced,0,2022-07-01
CUST10457,Jivika Kamdar,aaryahikohli@rajagopal.com,Female,23,Lucknow,Married,2,2024-05-31
CUST10458,Biju Sastry,advikghose@dar.net,Male,23,Pune,Married,2,2022-11-02
CUST10459,Ivana Johal,aaravchoudhary@lata.com,Male,54,Mumbai,Married,1,2022-10-24
CUST10460,Yasmin Arora,manikya55@biswas.biz,Female,53,Mumbai,Single,3,2024-03-25
CUST10461,Ira Balasubramanian,settymyra@yahoo.com,Female,53,Chennai,Married,1,2022-02-01
CUST10462,Pari Shanker,yashvi67@yahoo.com,Not Disclosed,38,Lucknow,Divorced,2,2021-11-24
CUST10463,Keya Sankar,kaladevansh@bhatia.com,Not Disclosed,23,Pune,Divorced,1,2023-06-08
CUST10464,Devansh Cherian,ritvikdhar@yahoo.com,Male,34,Delhi,Divorced,0,2021-08-14
CUST10465,Rasha Kashyap,shaaniruddh@gmail.com,Male,38,Hyderabad,Divorced,0,2022-07-21
CUST10466,Lagan Sem,pchanda@hotmail.com,Female,73,Ahmedabad,Widowed,1,2021-11-08
CUST10467,Uthkarsh Uppal,nishithkoshy@gmail.com,Male,36,Bangalore,Divorced,0,2024-07-02
CUST10468,Anika Koshy,rajagopalansaira@hotmail.com,Female,45,Lucknow,Married,0,2021-10-26
CUST10469,Lakshit Sankaran,achokshi@gmail.com,Not Disclosed,64,Lucknow,Widowed,1,2023-06-04
CUST10470,Tara Sarna,hgrover@gmail.com,Not Disclosed,34,Bangalore,Divorced,0,2023-09-04
CUST10471,Drishya Sawhney,manneurvi@sibal.net,Male,43,Chennai,Married,1,2023-12-23
CUST10472,Neysa Dubey,bbhavsar@hotmail.com,Female,27,Pune,Married,0,2024-05-24
CUST10473,Oorja Sandal,xsawhney@gmail.com,Not Disclosed,33,Delhi,Single,0,2022-06-29
CUST10474,Lagan Sami,rtandon@hotmail.com,Not Disclosed,48,Lucknow,Widowed,2,2023-11-03
CUST10475,Raunak Devi,bhaktashaan@yahoo.com,Not Disclosed,68,Bangalore,Widowed,1,2023-03-24
CUST10476,Ela Tara,nishith22@sathe-walia.com,Female,53,Jaipur,Widowed,0,2024-06-12
CUST10477,Pari Kala,himmatbanik@gmail.com,Not Disclosed,41,Mumbai,Divorced,2,2022-04-29
CUST10478,Lavanya Seth,riaanramakrishnan@yahoo.com,Female,33,Jaipur,Divorced,3,2021-04-11
CUST10479,Raunak Borde,vdhaliwal@dora.net,Female,66,Chennai,Married,0,2021-09-18
CUST10480,Divit Wason,btandon@balakrishnan.com,Female,71,Mumbai,Divorced,1,2020-11-01
CUST10481,Ryan Suresh,geraraunak@hotmail.com,Male,54,Pune,Widowed,0,2021-11-18
CUST10482,Prerak Shere,reyanshkumer@yahoo.com,Male,74,Lucknow,Single,1,2023-03-30
CUST10483,Rasha Badami,veeredwin@thaman-suri.info,Male,50,Hyderabad,Widowed,4,2022-12-08
CUST10484,Anay Shroff,magarnavya@hotmail.com,Male,38,Ahmedabad,Married,4,2021-04-15
CUST10485,Aaina Madan,swamymiraya@hotmail.com,Female,26,Bangalore,Divorced,0,2022-12-29
CUST10486,Emir Bhatia,fbasu@goel.com,Not Disclosed,45,Pune,Widowed,1,2024-03-23
CUST10487,Anaya Vig,aayushbhatt@yahoo.com,Female,28,Jaipur,Divorced,1,2024-02-04
CUST10488,Adah Raval,jkara@divan.com,Male,36,Bangalore,Single,2,2022-07-30
CUST10489,Indrans Gill,karitaran@rajagopalan.com,Female,25,Kolkata,Widowed,2,2024-05-25
CUST10490,Lagan Ramachandran,ishaangandhi@gmail.com,Not Disclosed,65,Bangalore,Widowed,1,2023-12-23
CUST10491,Ivana Manne,dmandal@kapadia.net,Not Disclosed,46,Chennai,Married,0,2021-06-18
CUST10492,Zoya Chahal,chahalryan@sachdev.com,Not Disclosed,24,Delhi,Widowed,0,2023-11-06
CUST10493,Rania Dara,dharmajanzachariah@yahoo.com,Female,29,Pune,Widowed,1,2021-06-16
CUST10494,Vihaan Ramaswamy,rkeer@yahoo.com,Not Disclosed,20,Lucknow,Married,3,2022-09-23
CUST10495,Uthkarsh Badami,advikachopra@gmail.com,Not Disclosed,46,Pune,Widowed,0,2021-02-08
CUST10496,Ahana  Ratti,rhea32@rajagopalan-soman.org,Female,67,Bangalore,Divorced,0,2024-05-29
CUST10497,Shalv Bose,qzacharia@bansal.com,Male,53,Mumbai,Single,4,2024-05-28
CUST10498,Dhruv Vyas,biju36@sanghvi-dewan.com,Not Disclosed,32,Pune,Divorced,1,2023-05-29
CUST10499,Yuvraj  Baria,kakaralisha@yahoo.com,Not Disclosed,24,Kolkata,Single,2,2021-06-05
CUST10500,Aayush Zachariah,yuvraj-sinha@saxena.com,Female,44,Pune,Divorced,1,2022-09-17
CUST10501,Amani Wali,rati94@dubey.info,Male,43,Jaipur,Widowed,3,2024-04-06
CUST10502,Reyansh Buch,anay24@dada.org,Not Disclosed,65,Pune,Married,1,2020-10-18
CUST10503,Kartik Barad,aniruddh32@chahal.org,Female,26,Lucknow,Married,0,2022-09-05
CUST10504,Aarav Tandon,nehmat24@baria.com,Male,74,Pune,Married,0,2022-07-13
CUST10505,Inaaya  Bir,rohanthaker@hotmail.com,Male,45,Mumbai,Widowed,0,2022-03-06
CUST10506,Elakshi Bedi,oiyengar@aurora.info,Female,53,Chennai,Divorced,1,2021-02-01
CUST10507,Ritvik Saran,lgour@gmail.com,Female,49,Pune,Divorced,2,2023-04-21
CUST10508,Ela Shan,adahsarkar@chaudhary.info,Female,59,Lucknow,Widowed,1,2022-08-09
CUST10509,Nirvaan Thakur,darshit03@gandhi-shan.biz,Female,29,Delhi,Widowed,0,2021-07-17
CUST10510,Amira Wable,arnav34@gmail.com,Male,47,Delhi,Single,1,2022-06-27
CUST10511,Vedika Sidhu,shaanbehl@gmail.com,Female,70,Pune,Divorced,2,2024-02-02
CUST10512,Kiaan Sekhon,romiltandon@yahoo.com,Female,53,Lucknow,Widowed,1,2024-04-09
CUST10513,Mehul Atwal,ryan21@ghosh.com,Not Disclosed,43,Jaipur,Married,0,2023-05-19
CUST10514,Ayesha Kari,kismatgill@barman.com,Not Disclosed,30,Lucknow,Married,0,2023-07-13
CUST10515,Hiran Shenoy,wraj@gmail.com,Female,75,Lucknow,Single,1,2021-05-31
CUST10516,Zaina Varghese,rati55@yahoo.com,Male,40,Chennai,Divorced,2,2020-09-24
CUST10517,Farhan Hari,bhavin87@yahoo.com,Not Disclosed,73,Kolkata,Married,2,2024-04-29
CUST10518,Samar Tiwari,jmannan@hotmail.com,Female,32,Chennai,Widowed,4,2020-10-18
CUST10519,Diya Bail,kartik53@hotmail.com,Female,60,Bangalore,Single,1,2021-07-06
CUST10520,Aaina Kade,divijdayal@gmail.com,Female,56,Lucknow,Married,0,2021-01-18
CUST10521,Kaira Vohra,btara@bora.net,Not Disclosed,38,Kolkata,Married,2,2023-07-25
CUST10522,Zain Badami,hvarma@hotmail.com,Female,24,Kolkata,Single,2,2021-03-01
CUST10523,Emir Sankaran,gkata@hotmail.com,Male,69,Kolkata,Married,0,2020-10-06
CUST10524,Zoya Verma,vasaprerak@hotmail.com,Not Disclosed,70,Bangalore,Divorced,0,2022-11-03
CUST10525,Pranay Gaba,inaaya-bala@dugar.com,Female,38,Jaipur,Divorced,3,2020-11-02
CUST10526,Shanaya Jhaveri,lalabhamini@balay.com,Male,30,Bangalore,Married,4,2021-04-09
CUST10527,Yuvaan Ramesh,charvi81@hotmail.com,Male,27,Delhi,Widowed,1,2023-11-25
CUST10528,Mohanlal Basu,anvi82@sarna.biz,Male,45,Bangalore,Divorced,2,2021-02-23
CUST10529,Dhanuk Gokhale,samaira55@yahoo.com,Not Disclosed,62,Chennai,Married,0,2023-10-22
CUST10530,Anika Kanda,misha62@gmail.com,Male,32,Hyderabad,Widowed,1,2022-04-21
CUST10531,Ojas Ray,emani@hotmail.com,Male,59,Delhi,Married,1,2023-07-22
CUST10532,Eva Swaminathan,bhamini27@gmail.com,Not Disclosed,27,Hyderabad,Divorced,2,2020-10-12
CUST10533,Indrajit Vora,vanya18@raj.biz,Female,75,Chennai,Single,1,2024-05-09
CUST10534,Romil Deshmukh,vartyneysa@gola-baria.com,Male,51,Pune,Married,2,2023-03-27
CUST10535,Amira Taneja,fdate@borde.com,Male,62,Mumbai,Divorced,0,2022-08-22
CUST10536,Gatik Bhakta,anayaratti@hotmail.com,Not Disclosed,30,Delhi,Single,2,2023-09-14
CUST10537,Eshani Brahmbhatt,bijuchandra@hotmail.com,Male,73,Kolkata,Divorced,0,2023-12-22
CUST10538,Nayantara Shanker,cdhillon@yahoo.com,Not Disclosed,54,Jaipur,Widowed,2,2022-04-09
CUST10539,Anay Mani,stak@gmail.com,Male,45,Chennai,Divorced,3,2020-12-01
CUST10540,Stuvan Venkatesh,pihu41@hotmail.com,Female,44,Kolkata,Divorced,4,2021-11-07
CUST10541,Reyansh Chaudry,advik45@iyengar.com,Male,30,Delhi,Married,0,2022-02-26
CUST10542,Umang Bora,benuthkarsh@yahoo.com,Male,33,Kolkata,Widowed,2,2022-11-24
CUST10543,Aarush Walla,himmatdugar@gmail.com,Female,54,Delhi,Single,0,2024-06-25
CUST10544,Jayan Zachariah,madhup39@gmail.com,Not Disclosed,18,Mumbai,Widowed,3,2021-06-10
CUST10545,Yashvi Devi,xkeer@yahoo.com,Female,44,Bangalore,Married,2,2023-02-22
CUST10546,Mamooty Gera,ehsaan68@saran.com,Not Disclosed,41,Kolkata,Divorced,1,2022-05-16
CUST10547,Darshit Sura,fwagle@yahoo.com,Male,50,Pune,Married,2,2024-06-05
CUST10548,Inaaya  Baria,samiha81@hotmail.com,Not Disclosed,41,Lucknow,Single,1,2021-12-05
CUST10549,Zeeshan Batra,bbava@mallick.com,Male,58,Delhi,Widowed,4,2023-01-02
CUST10550,Divyansh Baria,sandhukeya@hotmail.com,Male,41,Bangalore,Married,0,2022-12-15
CUST10551,Zeeshan Sanghvi,jhaverineelofar@yahoo.com,Female,58,Mumbai,Widowed,0,2023-04-24
CUST10552,Advika Issac,eramakrishnan@venkataraman-bera.com,Not Disclosed,45,Delhi,Widowed,1,2021-11-07
CUST10553,Prerak Sahni,sridharivan@sahni.com,Not Disclosed,24,Bangalore,Widowed,2,2021-10-03
CUST10554,Ishaan Kade,kaleira@hotmail.com,Not Disclosed,44,Hyderabad,Widowed,1,2022-01-04
CUST10555,Parinaaz Hora,birnakul@kibe.com,Not Disclosed,38,Pune,Single,0,2022-04-14
CUST10556,Manjari Boase,tarabora@dani.com,Not Disclosed,57,Chennai,Single,0,2021-02-13
CUST10557,Lakshit Konda,anaya68@gmail.com,Male,74,Hyderabad,Single,2,2024-07-05
CUST10558,Rhea Gupta,sodhieshani@yahoo.com,Not Disclosed,23,Mumbai,Widowed,3,2022-05-12
CUST10559,Aaryahi Dave,wmander@gour.com,Male,23,Ahmedabad,Widowed,2,2021-01-13
CUST10560,Riya Gill,agopal@hotmail.com,Not Disclosed,45,Jaipur,Divorced,1,2024-04-20
CUST10561,Charvi Guha,thakeraradhya@singh-dalia.com,Male,60,Lucknow,Single,0,2022-09-23
CUST10562,Dhanuk Sehgal,obhat@karpe.com,Not Disclosed,48,Pune,Married,0,2020-08-28
CUST10563,Tanya Khalsa,mehulbains@yahoo.com,Female,67,Pune,Widowed,1,2021-04-15
CUST10564,Inaaya  Malhotra,nirvaan04@yahoo.com,Female,50,Bangalore,Widowed,1,2023-05-02
CUST10565,Kiaan Chana,davejayan@yahoo.com,Not Disclosed,55,Bangalore,Divorced,1,2021-03-17
CUST10566,Shanaya Sodhi,zwalia@batra.com,Not Disclosed,43,Kolkata,Widowed,1,2023-03-30
CUST10567,Mehul Agarwal,irastogi@hans-borde.com,Not Disclosed,32,Ahmedabad,Single,0,2023-02-21
CUST10568,Aarav Vora,onkarchhabra@aggarwal.com,Male,49,Delhi,Divorced,0,2022-01-12
CUST10569,Raunak Choudhry,ramakrishnanindrajit@chakraborty.biz,Female,68,Jaipur,Divorced,0,2024-03-22
CUST10570,Advika Dyal,granganathan@sathe-dhar.org,Not Disclosed,26,Pune,Single,1,2021-03-29
CUST10571,Nirvaan Bhandari,gcontractor@yahoo.com,Not Disclosed,54,Chennai,Divorced,0,2021-02-12
CUST10572,Oorja Dua,navya64@andra.com,Male,52,Hyderabad,Divorced,2,2024-07-27
CUST10573,Bhavin Gade,badalaniruddh@dasgupta-aurora.com,Male,68,Pune,Divorced,0,2022-09-16
CUST10574,Shayak Raj,jayantgill@shere.com,Female,64,Jaipur,Single,1,2022-08-17
CUST10575,Kartik Kashyap,nghose@hotmail.com,Male,24,Chennai,Widowed,0,2021-03-10
CUST10576,Nishith Dada,dhruvsetty@lal-goyal.com,Female,51,Chennai,Single,0,2024-04-04
CUST10577,Nishith Mall,zoya12@hotmail.com,Male,57,Delhi,Single,0,2021-02-03
CUST10578,Anahi Bir,kalladevansh@bose-mangal.com,Not Disclosed,37,Hyderabad,Married,1,2022-04-21
CUST10579,Onkar Ramachandran,gbhargava@hotmail.com,Male,73,Hyderabad,Single,1,2024-07-05
CUST10580,Anya Sahni,khushiganesan@gmail.com,Not Disclosed,71,Lucknow,Widowed,0,2022-02-07
CUST10581,Shaan Ray,sahotayuvaan@dyal-swamy.com,Male,36,Lucknow,Married,0,2023-03-30
CUST10582,Lagan Grover,jivika00@hotmail.com,Not Disclosed,34,Mumbai,Single,1,2023-04-05
CUST10583,Amani Krish,onkar92@bhargava-dutt.com,Female,71,Pune,Widowed,1,2022-07-11
CUST10584,Kiaan Sibal,acherian@kunda.com,Male,29,Hyderabad,Single,3,2022-01-10
CUST10585,Aniruddh Hans,nghose@issac.com,Female,72,Kolkata,Divorced,3,2024-04-28
CUST10586,Tanya Chaudhry,xgulati@hotmail.com,Not Disclosed,27,Bangalore,Married,0,2023-10-29
CUST10587,Ivana Viswanathan,anay68@bora-chada.org,Male,41,Delhi,Widowed,1,2021-12-04
CUST10588,Yuvraj  Bhandari,fbala@gmail.com,Male,32,Ahmedabad,Married,2,2021-09-05
CUST10589,Madhup Zacharia,rramaswamy@hotmail.com,Not Disclosed,51,Kolkata,Single,1,2024-07-27
CUST10590,Taimur Saxena,yuvraj-biswas@gmail.com,Not Disclosed,75,Lucknow,Single,1,2024-02-06
CUST10591,Misha Seth,kanavmander@mander.com,Female,67,Ahmedabad,Married,2,2023-06-25
CUST10592,Trisha Chawla,kundashamik@hotmail.com,Not Disclosed,58,Kolkata,Single,2,2024-07-25
CUST10593,Stuvan Sahni,stuvansoman@yahoo.com,Female,47,Jaipur,Single,0,2023-10-16
CUST10594,Anahita Bhatt,divij78@yahoo.com,Female,59,Delhi,Divorced,2,2020-11-16
CUST10595,Devansh Karnik,preraksarraf@hotmail.com,Female,30,Jaipur,Divorced,0,2022-03-07
CUST10596,Vardaniya Lalla,wdani@hotmail.com,Male,49,Lucknow,Single,0,2024-06-20
CUST10597,Advika Lad,zarasekhon@srivastava.com,Female,63,Lucknow,Widowed,1,2022-07-22
CUST10598,Tejas Choudhury,xgola@bahl.com,Female,71,Mumbai,Widowed,3,2021-07-14
CUST10599,Shray Sahota,diya47@gmail.com,Male,45,Bangalore,Single,0,2022-03-24
CUST10600,Ivana Desai,aaryahimallick@hotmail.com,Not Disclosed,45,Delhi,Married,1,2020-10-19
CUST10601,Nirvaan Dewan,rhayre@vala.org,Female,56,Kolkata,Divorced,1,2023-12-16
CUST10602,Zain Choudhury,gbhat@vaidya-mane.net,Male,38,Bangalore,Divorced,3,2022-08-22
CUST10603,Dhanush Edwin,mbath@kannan.com,Not Disclosed,19,Jaipur,Single,2,2020-12-05
CUST10604,Chirag Sundaram,bhaminibhatnagar@kota.com,Female,34,Delhi,Divorced,0,2023-06-29
CUST10605,Inaaya  Ravel,varmamishti@mammen.com,Male,44,Kolkata,Single,1,2020-08-15
CUST10606,Hrishita Sama,shethvaibhav@bhatti.biz,Not Disclosed,26,Jaipur,Widowed,1,2020-09-19
CUST10607,Lavanya Sood,shaan36@yahoo.com,Male,50,Mumbai,Widowed,2,2022-12-08
CUST10608,Tara Wason,sacharnitara@hotmail.com,Female,56,Delhi,Married,2,2020-11-05
CUST10609,Romil Setty,zahuja@sagar.com,Female,23,Ahmedabad,Single,1,2024-06-26
CUST10610,Chirag Kadakia,dishani02@yahoo.com,Male,22,Delhi,Single,1,2024-02-28
CUST10611,Indrajit Mahal,priyanshmadan@kothari.org,Female,37,Delhi,Widowed,2,2022-08-21
CUST10612,Hunar Dugar,mdeshpande@yahoo.com,Female,72,Bangalore,Divorced,3,2022-07-02
CUST10613,Renee Zacharia,aptemadhav@hotmail.com,Male,38,Lucknow,Married,4,2023-02-03
CUST10614,Manjari Samra,wmallick@gmail.com,Not Disclosed,67,Hyderabad,Divorced,4,2021-07-10
CUST10615,Vanya Dada,samairachaudhry@hotmail.com,Female,71,Jaipur,Divorced,2,2020-12-04
CUST10616,Diya Buch,navya49@sanghvi.com,Not Disclosed,18,Pune,Divorced,3,2021-04-09
CUST10617,Tiya Chauhan,lbhatti@agarwal-chand.com,Male,27,Hyderabad,Married,0,2022-05-18
CUST10618,Trisha Chopra,zainadara@yahoo.com,Female,30,Bangalore,Married,2,2021-09-13
CUST10619,Zeeshan Mangal,chadakeya@gmail.com,Not Disclosed,22,Chennai,Widowed,3,2024-05-14
CUST10620,Divyansh Balakrishnan,irahegde@hotmail.com,Male,28,Mumbai,Widowed,0,2024-01-19
CUST10621,Khushi Singhal,drishyatank@krish.com,Male,62,Ahmedabad,Married,2,2022-02-08
CUST10622,Jivin Subramanian,stuvan73@hotmail.com,Female,50,Pune,Divorced,0,2024-06-07
CUST10623,Sana Contractor,nakul64@dalal.info,Male,70,Hyderabad,Single,1,2023-07-28
CUST10624,Zara Chaudhuri,azad33@hotmail.com,Not Disclosed,70,Jaipur,Widowed,0,2024-04-24
CUST10625,Gatik Magar,gkala@rama-karnik.com,Male,47,Kolkata,Single,0,2021-03-27
CUST10626,Biju Hayre,adahlall@kumer.net,Male,37,Hyderabad,Divorced,3,2023-12-17
CUST10627,Suhana Grover,rravi@kumar-sunder.com,Female,40,Ahmedabad,Divorced,0,2023-02-21
CUST10628,Aaina Saini,dhanukvarma@basak.biz,Male,58,Pune,Single,0,2021-11-26
CUST10629,Bhamini Rege,hegdeshray@yahoo.com,Female,46,Ahmedabad,Single,0,2023-09-22
CUST10630,Zeeshan Chaudry,mehul22@sahni-vohra.net,Male,30,Mumbai,Married,2,2024-06-30
CUST10631,Manjari Mannan,tsandal@yahoo.com,Male,57,Lucknow,Single,1,2024-05-25
CUST10632,Pranay Comar,vsharma@gmail.com,Not Disclosed,19,Jaipur,Married,2,2023-09-13
CUST10633,Yasmin Soni,nishithgoda@sehgal.info,Male,71,Jaipur,Single,0,2023-01-13
CUST10634,Ojas Ahuja,hridaan51@gmail.com,Male,19,Bangalore,Divorced,3,2023-10-13
CUST10635,Yakshit Rana,hcherian@tak.com,Male,51,Jaipur,Divorced,0,2022-03-21
CUST10636,Anahita Som,buchtanya@gmail.com,Male,52,Ahmedabad,Divorced,0,2022-03-20
CUST10637,Bhavin Mandal,tanyakrish@yahoo.com,Not Disclosed,42,Kolkata,Widowed,0,2024-06-05
CUST10638,Lavanya Balasubramanian,anvidey@hotmail.com,Male,66,Pune,Widowed,0,2021-06-07
CUST10639,Dishani Sharaf,brahmbhattkartik@gmail.com,Not Disclosed,31,Jaipur,Single,1,2021-05-02
CUST10640,Aaina Saran,neelofararora@dhillon-kumer.com,Female,27,Hyderabad,Divorced,1,2024-02-21
CUST10641,Jayan Dixit,zoya79@kumar.com,Female,64,Lucknow,Widowed,2,2021-10-14
CUST10642,Shaan Gokhale,samravivaan@gmail.com,Male,69,Mumbai,Married,1,2021-06-13
CUST10643,Indrans Goda,arnavsaraf@yahoo.com,Not Disclosed,42,Jaipur,Divorced,1,2021-03-30
CUST10644,Shray Ghose,nakuljohal@balay.com,Male,30,Ahmedabad,Widowed,4,2022-07-15
CUST10645,Shamik Rau,korpalrenee@yahoo.com,Not Disclosed,19,Lucknow,Divorced,0,2022-11-07
CUST10646,Aarna Hari,jhanvi63@samra.com,Not Disclosed,65,Jaipur,Married,0,2021-02-20
CUST10647,Shlok Golla,dhanush08@yahoo.com,Male,48,Bangalore,Single,2,2021-08-11
CUST10648,Baiju Golla,manjarirout@hotmail.com,Female,74,Ahmedabad,Single,0,2021-03-30
CUST10649,Abram Khare,bsodhi@gmail.com,Male,71,Mumbai,Widowed,1,2020-10-03
CUST10650,Ehsaan Dara,manikya01@gmail.com,Male,70,Hyderabad,Widowed,2,2022-04-20
CUST10651,Bhamini Shroff,faiyaz72@yahoo.com,Male,73,Kolkata,Married,0,2022-05-27
CUST10652,Khushi Madan,dixitkiaan@yahoo.com,Female,50,Pune,Widowed,1,2021-11-27
CUST10653,Tanya Agarwal,ebhakta@yahoo.com,Female,45,Lucknow,Married,2,2022-07-20
CUST10654,Arnav Boase,vardaniya56@gmail.com,Female,34,Kolkata,Divorced,1,2022-01-28
CUST10655,Anahita Trivedi,kismatcontractor@yahoo.com,Not Disclosed,32,Kolkata,Single,0,2024-04-03
CUST10656,Inaaya  Issac,tara19@venkatesh-bumb.org,Not Disclosed,58,Chennai,Single,0,2021-04-08
CUST10657,Navya Boase,mallickrati@khatri.net,Not Disclosed,49,Mumbai,Widowed,3,2022-06-05
CUST10658,Azad Yogi,rswamy@hotmail.com,Not Disclosed,59,Hyderabad,Widowed,1,2021-02-19
CUST10659,Onkar Mane,ela59@gmail.com,Male,74,Chennai,Single,0,2024-04-21
CUST10660,Madhup Kothari,samaira31@hotmail.com,Not Disclosed,51,Lucknow,Divorced,0,2021-05-04
CUST10661,Drishya Som,anvi72@samra.net,Male,45,Ahmedabad,Widowed,2,2021-09-05
CUST10662,Badal Mangal,chirag89@gmail.com,Female,65,Kolkata,Single,4,2024-06-11
CUST10663,Hunar Sangha,myra39@yahoo.com,Female,25,Ahmedabad,Divorced,0,2023-02-03
CUST10664,Aarav Singhal,ananddhanuk@srinivasan-golla.biz,Male,38,Jaipur,Married,0,2023-05-31
CUST10665,Aarush Taneja,dasbiju@yahoo.com,Not Disclosed,23,Bangalore,Widowed,1,2021-05-16
CUST10666,Umang Majumdar,olal@sharma.info,Not Disclosed,70,Pune,Widowed,2,2021-01-19
CUST10667,Anahita Dalal,kalitakismat@hotmail.com,Male,54,Pune,Single,3,2023-04-06
CUST10668,Shray Kurian,vivaankothari@yahoo.com,Male,21,Mumbai,Divorced,0,2022-03-05
CUST10669,Biju Jani,prishabora@yahoo.com,Female,29,Jaipur,Widowed,2,2022-02-22
CUST10670,Ayesha Jhaveri,walitejas@yahoo.com,Not Disclosed,39,Mumbai,Widowed,3,2021-05-21
CUST10671,Vardaniya Sheth,saanviroy@gmail.com,Male,72,Hyderabad,Divorced,2,2022-02-12
CUST10672,Badal Sha,shamik01@gmail.com,Not Disclosed,21,Mumbai,Widowed,1,2024-04-16
CUST10673,Samar Cheema,achaudhary@bhatti-dugal.org,Female,27,Bangalore,Married,0,2021-02-27
CUST10674,Anay Mangat,babusiya@johal.com,Male,29,Chennai,Single,1,2021-05-09
CUST10675,Bhavin Yadav,rsetty@keer.info,Not Disclosed,51,Bangalore,Single,2,2022-10-03
CUST10676,Jivika Garg,manikya03@chauhan.biz,Male,70,Ahmedabad,Widowed,0,2023-04-29
CUST10677,Myra Bhatt,aradhyavohra@raj.com,Male,56,Kolkata,Widowed,1,2023-10-12
CUST10678,Veer Kapadia,ramachandranzara@yahoo.com,Female,35,Pune,Divorced,1,2023-06-29
CUST10679,Trisha Balan,jayant89@bandi-shere.com,Male,23,Pune,Widowed,0,2023-04-15
CUST10680,Rasha Tak,inaaya-ray@gmail.com,Female,28,Jaipur,Married,0,2020-12-10
CUST10681,Hunar Krishna,nityasoman@randhawa.com,Female,65,Pune,Divorced,4,2021-11-30
CUST10682,Tanya Madan,rbajwa@hotmail.com,Not Disclosed,47,Kolkata,Widowed,0,2020-11-01
CUST10683,Amira Karan,taimur71@balay-chahal.com,Female,52,Jaipur,Married,0,2023-05-01
CUST10684,Kashvi Hora,indranskohli@ghosh.info,Not Disclosed,22,Ahmedabad,Widowed,0,2023-10-17
CUST10685,Saira Venkatesh,divit41@bhardwaj.net,Not Disclosed,34,Pune,Single,0,2023-02-10
CUST10686,Advika Dhawan,jraja@yahoo.com,Female,25,Hyderabad,Married,0,2022-06-14
CUST10687,Dhanuk Thaker,mandervivaan@hotmail.com,Male,29,Delhi,Single,1,2023-01-19
CUST10688,Keya Sachdeva,gatik94@yahoo.com,Not Disclosed,59,Pune,Single,0,2021-02-15
CUST10689,Vidur Madan,isandal@bail-sanghvi.com,Male,51,Pune,Married,1,2021-07-08
CUST10690,Shayak Baria,iben@gmail.com,Female,25,Chennai,Divorced,3,2023-11-03
CUST10691,Anahi Jani,bbadami@hegde.org,Not Disclosed,42,Ahmedabad,Single,0,2022-08-23
CUST10692,Mannat Ranganathan,uthkarshbala@rout.info,Not Disclosed,46,Jaipur,Divorced,4,2023-06-20
CUST10693,Drishya Tank,zaina23@hotmail.com,Female,63,Kolkata,Divorced,0,2020-08-04
CUST10694,Nitara Chaudhry,urvi74@yahoo.com,Male,39,Chennai,Widowed,0,2022-06-13
CUST10695,Oorja Bassi,lmangal@dara.com,Not Disclosed,68,Chennai,Married,0,2021-04-05
CUST10696,Faiyaz Sarin,omannan@hotmail.com,Not Disclosed,71,Delhi,Married,1,2022-06-27
CUST10697,Manikya Bhalla,kdass@dora.com,Not Disclosed,32,Chennai,Married,2,2020-12-24
CUST10698,Nirvaan Kale,ebandi@jayaraman-shankar.net,Female,28,Bangalore,Widowed,1,2023-02-22
CUST10699,Renee Bhat,tripathipriyansh@yahoo.com,Female,63,Mumbai,Single,0,2023-01-11
CUST10700,Divij Magar,hayrepari@yahoo.com,Male,27,Hyderabad,Widowed,1,2024-03-13
CUST10701,Siya Sampath,qbail@sandal-hayre.biz,Not Disclosed,35,Kolkata,Divorced,3,2024-07-23
CUST10702,Riya Sandhu,devanshkrish@cheema-bera.info,Female,23,Lucknow,Single,2,2022-07-01
CUST10703,Myra Jain,suraranbir@gmail.com,Not Disclosed,65,Pune,Married,0,2021-05-30
CUST10704,Aradhya Shanker,urvirajan@gmail.com,Male,19,Bangalore,Divorced,0,2023-11-16
CUST10705,Dishani Guha,mahalarnav@yahoo.com,Female,43,Jaipur,Divorced,2,2023-09-27
CUST10706,Anahita Buch,sacharrohan@hotmail.com,Not Disclosed,34,Jaipur,Widowed,3,2023-08-07
CUST10707,Mannat Lala,arhaan71@gmail.com,Not Disclosed,43,Pune,Married,0,2021-10-26
CUST10708,Rati Rau,alia06@gmail.com,Not Disclosed,38,Bangalore,Single,2,2023-09-21
CUST10709,Shray Chaudhry,nirvaanbiswas@gmail.com,Female,58,Mumbai,Divorced,1,2021-10-30
CUST10710,Divit Toor,saksham79@ram.biz,Not Disclosed,73,Mumbai,Widowed,1,2024-02-18
CUST10711,Miraan Shah,joshiishita@choudhury-mallick.com,Male,66,Jaipur,Divorced,3,2023-01-12
CUST10712,Yuvraj  Sundaram,hanshkamdar@gmail.com,Not Disclosed,68,Kolkata,Single,1,2023-02-10
CUST10713,Saira Talwar,sumerkeer@yahoo.com,Not Disclosed,46,Delhi,Widowed,1,2021-01-14
CUST10714,Khushi Vasa,prerakbanik@hotmail.com,Male,72,Lucknow,Single,0,2023-11-05
CUST10715,Nirvaan Sagar,urvi22@kashyap.com,Not Disclosed,56,Kolkata,Divorced,0,2024-03-20
CUST10716,Romil Shah,fkapoor@bala.biz,Not Disclosed,20,Bangalore,Divorced,1,2024-04-04
CUST10717,Neysa Sengupta,ranbir25@hotmail.com,Not Disclosed,44,Bangalore,Widowed,2,2024-01-06
CUST10718,Divij Shukla,ratigopal@gmail.com,Not Disclosed,69,Lucknow,Divorced,2,2024-03-05
CUST10719,Nirvaan Saxena,parinaaz84@yogi.com,Male,67,Kolkata,Widowed,3,2024-07-23
CUST10720,Veer Sahni,tellaaarav@chakraborty.com,Female,28,Pune,Widowed,1,2024-06-30
CUST10721,Drishya Biswas,advikavala@hotmail.com,Not Disclosed,75,Bangalore,Single,2,2022-02-28
CUST10722,Renee Khatri,nirvi21@bhavsar.biz,Not Disclosed,43,Ahmedabad,Widowed,1,2020-12-23
CUST10723,Mamooty Sur,bakshilavanya@gmail.com,Male,69,Ahmedabad,Married,2,2021-04-05
CUST10724,Abram Tak,mannatguha@yahoo.com,Female,42,Ahmedabad,Single,0,2020-08-07
CUST10725,Umang Ranganathan,waglezoya@hotmail.com,Male,25,Delhi,Widowed,3,2021-03-17
CUST10726,Shayak Agrawal,msen@gmail.com,Female,33,Hyderabad,Single,0,2023-03-12
CUST10727,Anahita Dada,chokshikismat@boase.com,Male,70,Delhi,Single,1,2020-09-01
CUST10728,Elakshi Lal,alishababu@chahal.com,Male,20,Ahmedabad,Widowed,0,2023-08-14
CUST10729,Dishani Contractor,grewaljayan@salvi.net,Female,25,Mumbai,Widowed,4,2024-03-26
CUST10730,Shray Sheth,kiara31@bail.net,Not Disclosed,57,Hyderabad,Married,1,2021-08-15
CUST10731,Zain Dutt,soodneelofar@hotmail.com,Female,74,Bangalore,Divorced,2,2021-05-02
CUST10732,Samar Khare,yakshitbawa@savant-raval.biz,Female,70,Jaipur,Married,1,2021-08-17
CUST10733,Tanya Sood,sanenavya@gmail.com,Male,58,Mumbai,Single,2,2022-09-04
CUST10734,Myra Dave,bandizoya@hotmail.com,Female,24,Pune,Single,0,2023-10-25
CUST10735,Advik Swaminathan,raghav93@mammen-borah.info,Not Disclosed,21,Ahmedabad,Divorced,1,2023-05-29
CUST10736,Diya Hora,reddybiju@yahoo.com,Not Disclosed,66,Ahmedabad,Widowed,1,2020-10-01
CUST10737,Samiha Chaudhari,ckeer@hotmail.com,Not Disclosed,32,Ahmedabad,Married,1,2022-01-29
CUST10738,Samarth Talwar,zsetty@gmail.com,Not Disclosed,19,Chennai,Widowed,0,2021-05-21
CUST10739,Raghav Raja,emir56@hotmail.com,Female,69,Bangalore,Divorced,0,2024-02-25
CUST10740,Anvi Choudhury,elarajan@rao-kaur.com,Female,66,Hyderabad,Divorced,3,2022-05-18
CUST10741,Yakshit Verma,kanav79@hotmail.com,Male,53,Hyderabad,Single,0,2021-01-04
CUST10742,Kimaya Guha,daniayesha@deep-rana.com,Female,40,Bangalore,Widowed,2,2023-06-10
CUST10743,Vihaan Bawa,shrayvarkey@chahal.org,Female,75,Lucknow,Widowed,0,2020-12-08
CUST10744,Neelofar Som,kdhawan@trivedi.com,Male,51,Ahmedabad,Divorced,0,2021-01-24
CUST10745,Ira Chandran,nirvi73@ratta-sarma.com,Male,32,Hyderabad,Widowed,1,2023-02-28
CUST10746,Jayesh Gandhi,nehmatwalla@bhakta-gade.org,Male,49,Jaipur,Married,1,2023-08-17
CUST10747,Jayesh Agarwal,ymadan@yahoo.com,Female,23,Jaipur,Divorced,0,2022-12-28
CUST10748,Shayak Bir,mahika72@yahoo.com,Male,45,Kolkata,Married,0,2020-11-04
CUST10749,Anaya Batra,mallickkabir@yahoo.com,Female,70,Jaipur,Married,0,2021-05-22
CUST10750,Ritvik Sharaf,taimursachar@hotmail.com,Female,41,Chennai,Divorced,2,2021-11-21
CUST10751,Hrishita Vohra,qchokshi@loke.com,Not Disclosed,66,Bangalore,Single,0,2021-02-16
CUST10752,Vedika Ganguly,odass@balakrishnan.com,Female,75,Lucknow,Single,1,2021-02-19
CUST10753,Armaan Sharaf,chadoorja@gmail.com,Male,62,Hyderabad,Divorced,2,2023-02-22
CUST10754,Zoya Tara,saneyuvraj@sridhar-ratti.com,Male,22,Kolkata,Divorced,2,2021-05-22
CUST10755,Elakshi Dara,aaryahi20@ranganathan.com,Female,66,Hyderabad,Single,4,2022-11-16
CUST10756,Shlok Hans,wkhalsa@hotmail.com,Female,39,Lucknow,Divorced,2,2020-09-14
CUST10757,Adira Balasubramanian,jiya00@yahoo.com,Female,39,Lucknow,Divorced,3,2023-05-12
CUST10758,Kiaan Hayer,mamootykurian@gmail.com,Not Disclosed,35,Chennai,Single,3,2021-03-25
CUST10759,Zain Karan,azadmander@issac.net,Female,32,Lucknow,Widowed,3,2024-02-16
CUST10760,Hridaan Sule,ngara@sagar.com,Female,63,Mumbai,Single,1,2022-04-14
CUST10761,Krish Gill,royaaryahi@hotmail.com,Male,28,Lucknow,Married,2,2020-09-18
CUST10762,Adira Din,vritikakurian@bhavsar.com,Not Disclosed,46,Ahmedabad,Widowed,1,2024-06-08
CUST10763,Adira Chokshi,abava@buch-maharaj.com,Male,22,Kolkata,Married,2,2022-12-31
CUST10764,Seher Toor,zchar@wali.com,Male,71,Pune,Widowed,1,2022-10-09
CUST10765,Jhanvi Bhargava,subramaniamivana@yahoo.com,Female,68,Bangalore,Widowed,0,2021-01-23
CUST10766,Emir Kata,mannshaan@hotmail.com,Female,53,Mumbai,Divorced,0,2022-02-01
CUST10767,Sahil Karnik,reyanshlata@subramaniam.com,Male,34,Jaipur,Divorced,1,2022-06-08
CUST10768,Aaryahi Kale,jgokhale@chad.info,Female,39,Jaipur,Divorced,0,2024-07-15
CUST10769,Ritvik Sheth,ndara@hotmail.com,Male,37,Jaipur,Divorced,1,2022-09-12
CUST10770,Hansh Balasubramanian,singhalahana@yahoo.com,Female,28,Ahmedabad,Divorced,2,2023-11-28
CUST10771,Lakshay Dhillon,dharmajantara@gmail.com,Female,27,Ahmedabad,Widowed,3,2023-05-31
CUST10772,Nirvi Chacko,nchad@tailor-date.com,Female,60,Pune,Married,3,2022-10-31
CUST10773,Ivana D’Alia,shanaya03@gmail.com,Female,20,Delhi,Married,4,2023-11-12
CUST10774,Bhavin Bhalla,kalakiara@lad.com,Female,21,Jaipur,Divorced,0,2023-04-06
CUST10775,Zaina Luthra,jrau@yahoo.com,Male,57,Chennai,Married,3,2023-06-29
CUST10776,Tanya Sandal,gatik84@gmail.com,Female,33,Lucknow,Divorced,1,2022-04-12
CUST10777,Reyansh Bala,taimur18@devan-savant.com,Not Disclosed,33,Jaipur,Single,0,2021-10-27
CUST10778,Shayak Ghosh,vardaniya74@contractor.biz,Male,59,Pune,Single,0,2020-10-23
CUST10779,Mannat Jhaveri,dchoudhry@hotmail.com,Not Disclosed,35,Lucknow,Married,3,2022-07-28
CUST10780,Sara Kulkarni,mchandra@hotmail.com,Female,36,Bangalore,Single,0,2023-04-07
CUST10781,Mishti Bora,sumer14@gmail.com,Female,73,Jaipur,Single,1,2021-02-20
CUST10782,Advik Wable,qkaran@hotmail.com,Female,21,Hyderabad,Divorced,1,2021-12-07
CUST10783,Renee Sharma,aarna23@thaman.org,Not Disclosed,49,Lucknow,Married,1,2022-01-09
CUST10784,Miraan Mahajan,oorjabhasin@varghese.com,Not Disclosed,23,Chennai,Widowed,3,2022-03-19
CUST10785,Arnav Jhaveri,sairasandal@gmail.com,Male,67,Hyderabad,Widowed,3,2023-09-06
CUST10786,Biju Rao,badamikanav@balay-guha.org,Not Disclosed,44,Kolkata,Married,0,2022-07-23
CUST10787,Pihu Dutta,jayan94@yahoo.com,Male,36,Mumbai,Divorced,2,2023-02-11
CUST10788,Manikya Choudhary,xbobal@goda-raju.net,Male,57,Ahmedabad,Widowed,2,2021-10-05
CUST10789,Baiju Lala,varugheseadira@thaker-lall.com,Female,24,Ahmedabad,Single,1,2023-02-03
CUST10790,Ryan Lad,ikuruvilla@yahoo.com,Female,53,Hyderabad,Married,0,2022-11-15
CUST10791,Heer Bedi,rashadora@kakar-zachariah.com,Female,53,Mumbai,Divorced,0,2021-04-14
CUST10792,Sahil Kant,karanjhanvi@yahoo.com,Female,39,Delhi,Divorced,0,2022-09-19
CUST10793,Rohan Randhawa,bhallanakul@kapur-goswami.com,Not Disclosed,30,Delhi,Married,2,2020-07-29
CUST10794,Trisha Sampath,zarasangha@venkataraman-gandhi.net,Not Disclosed,54,Kolkata,Single,0,2021-03-19
CUST10795,Armaan Bala,charvikaran@kumar.com,Female,61,Mumbai,Single,1,2021-07-24
CUST10796,Devansh Doshi,ndara@dalia.com,Not Disclosed,69,Bangalore,Single,2,2023-01-05
CUST10797,Hansh Mannan,sumersamra@grewal.info,Female,59,Kolkata,Married,0,2022-12-06
CUST10798,Arhaan Sankaran,vaibhavsabharwal@yahoo.com,Male,57,Pune,Divorced,3,2022-07-01
CUST10799,Armaan Lala,madhuprana@dhaliwal.org,Not Disclosed,34,Hyderabad,Divorced,2,2023-11-01
CUST10800,Armaan Rajagopalan,wborde@walla-vohra.com,Male,60,Ahmedabad,Divorced,3,2021-11-14
CUST10801,Parinaaz Gala,manikyaganguly@kannan.org,Not Disclosed,27,Ahmedabad,Divorced,1,2022-12-08
CUST10802,Jiya Bali,abramshenoy@hotmail.com,Female,50,Hyderabad,Married,1,2023-11-01
CUST10803,Kimaya Din,korpalishita@zacharia.org,Male,24,Hyderabad,Divorced,0,2023-05-13
CUST10804,Prisha Singhal,ezachariah@yahoo.com,Female,32,Bangalore,Single,2,2023-12-03
CUST10805,Divyansh Sane,subramanianmanikya@chauhan-bahl.org,Female,34,Ahmedabad,Married,2,2024-03-08
CUST10806,Kiara Goda,dguha@bal.org,Female,20,Mumbai,Married,2,2024-05-22
CUST10807,Nitara Vora,behlshalv@gmail.com,Female,37,Chennai,Widowed,2,2023-10-07
CUST10808,Anahita Buch,esastry@arya.com,Female,57,Hyderabad,Divorced,3,2022-01-20
CUST10809,Nitya Rege,rajuseher@ramesh.com,Female,48,Lucknow,Married,2,2024-04-03
CUST10810,Onkar Balasubramanian,aaina37@gmail.com,Female,27,Kolkata,Single,0,2021-05-21
CUST10811,Lakshay Chopra,zainrau@kannan-gandhi.com,Male,67,Pune,Married,1,2020-11-14
CUST10812,Aaina Batra,taran18@hotmail.com,Female,20,Ahmedabad,Divorced,2,2023-06-11
CUST10813,Kiaan Dewan,aniruddh33@yahoo.com,Not Disclosed,61,Lucknow,Widowed,2,2022-07-13
CUST10814,Pari Raman,tyohannan@hotmail.com,Female,45,Chennai,Widowed,2,2021-12-15
CUST10815,Sana Majumdar,urvigarg@kale.com,Not Disclosed,45,Kolkata,Divorced,3,2023-08-19
CUST10816,Divit Varkey,zarakale@yahoo.com,Male,64,Bangalore,Divorced,3,2020-10-27
CUST10817,Vardaniya Dua,kkhare@mangat.net,Not Disclosed,45,Kolkata,Single,2,2022-10-10
CUST10818,Zara Cheema,mannevidur@yahoo.com,Female,21,Kolkata,Married,0,2020-09-13
CUST10819,Nitya Mane,skanda@hotmail.com,Male,72,Pune,Widowed,0,2022-09-28
CUST10820,Hiran Luthra,sethiaradhya@yahoo.com,Male,32,Lucknow,Single,2,2022-02-02
CUST10821,Nitara Babu,dsani@brahmbhatt-mannan.com,Female,50,Pune,Married,1,2022-04-05
CUST10822,Seher Hegde,wsinha@raj.biz,Female,54,Bangalore,Single,1,2021-05-09
CUST10823,Mehul Som,srinivasyasmin@hotmail.com,Not Disclosed,33,Bangalore,Single,0,2023-02-05
CUST10824,Damini Singhal,laganvora@yahoo.com,Not Disclosed,18,Mumbai,Divorced,0,2021-10-26
CUST10825,Farhan Sen,raynehmat@kothari.info,Male,21,Ahmedabad,Married,0,2020-09-27
CUST10826,Mamooty Sangha,dchad@karan-bains.com,Not Disclosed,28,Lucknow,Widowed,0,2022-07-16
CUST10827,Lakshay Ratti,gokulandra@ratti-anand.biz,Male,22,Hyderabad,Married,2,2022-09-18
CUST10828,Taran Ganesan,samarth85@balan.com,Male,68,Kolkata,Widowed,0,2023-03-07
CUST10829,Samaira Arya,chandravidur@hotmail.com,Male,69,Pune,Married,0,2020-12-20
CUST10830,Mahika Bhakta,ybains@yahoo.com,Not Disclosed,27,Hyderabad,Married,2,2022-10-25
CUST10831,Ishita Agarwal,vbalay@yahoo.com,Not Disclosed,27,Jaipur,Divorced,4,2021-06-30
CUST10832,Biju Warrior,laganahuja@gmail.com,Not Disclosed,41,Delhi,Divorced,1,2024-06-11
CUST10833,Manjari Mander,majumdararhaan@hotmail.com,Male,60,Lucknow,Widowed,1,2022-06-22
CUST10834,Chirag Ahluwalia,mamootyagarwal@babu.org,Not Disclosed,54,Jaipur,Married,3,2021-04-16
CUST10835,Kimaya Sarraf,kohliumang@yahoo.com,Not Disclosed,55,Delhi,Widowed,2,2023-06-26
CUST10836,Nirvaan Barman,prishadora@baral.com,Female,32,Pune,Widowed,1,2021-04-09
CUST10837,Alisha Shetty,nishith22@hotmail.com,Not Disclosed,29,Mumbai,Single,4,2021-02-14
CUST10838,Aarna Barad,trishabalan@hotmail.com,Not Disclosed,47,Bangalore,Widowed,1,2023-11-02
CUST10839,Ranbir Aggarwal,lchar@gmail.com,Female,27,Pune,Married,1,2023-06-17
CUST10840,Damini Krishnamurthy,sehermann@yahoo.com,Not Disclosed,36,Lucknow,Married,0,2022-01-27
CUST10841,Aradhya Kumar,dbhakta@gmail.com,Male,36,Delhi,Single,2,2024-03-17
CUST10842,Sahil Rana,vgrewal@hotmail.com,Female,50,Hyderabad,Divorced,1,2024-04-10
CUST10843,Ivana Mander,jchowdhury@yahoo.com,Male,42,Hyderabad,Single,1,2020-12-15
CUST10844,Shayak Sagar,arnavbhalla@hotmail.com,Female,57,Hyderabad,Widowed,0,2023-09-25
CUST10845,Gatik Seshadri,raghav15@yahoo.com,Female,38,Kolkata,Married,2,2021-01-01
CUST10846,Elakshi Shan,krishshlok@hotmail.com,Male,50,Mumbai,Widowed,3,2021-02-02
CUST10847,Divyansh Som,bhaminidara@ganguly-bains.com,Male,50,Pune,Widowed,1,2021-02-06
CUST10848,Abram Kala,ishita93@yahoo.com,Female,19,Lucknow,Widowed,1,2024-02-21
CUST10849,Mohanlal Chandra,tiyasidhu@gola.com,Male,51,Mumbai,Single,4,2021-03-13
CUST10850,Lakshay Jain,nakulthaker@bora-rana.org,Not Disclosed,74,Hyderabad,Divorced,0,2021-06-20
CUST10851,Jivika Edwin,hrishita99@dara-vaidya.com,Male,46,Bangalore,Widowed,0,2024-07-03
CUST10852,Arhaan Bobal,kamdarbaiju@varghese-sekhon.info,Female,50,Kolkata,Single,1,2021-04-14
CUST10853,Aaryahi Chokshi,sara21@deep.com,Male,62,Kolkata,Widowed,1,2024-03-28
CUST10854,Piya Brahmbhatt,tailoranahita@hotmail.com,Male,51,Kolkata,Married,4,2022-10-12
CUST10855,Manjari Tandon,agrawaltiya@anand.com,Male,28,Hyderabad,Married,1,2023-11-18
CUST10856,Alisha Bains,rohanchaudhry@sinha.org,Not Disclosed,39,Ahmedabad,Widowed,2,2022-02-22
CUST10857,Umang Lata,jiyasavant@dugar.net,Not Disclosed,54,Jaipur,Married,2,2024-02-06
CUST10858,Nitara Krish,abandi@dutta-mangat.com,Male,36,Delhi,Single,2,2023-12-30
CUST10859,Hridaan Sarraf,kashyapnirvi@tella-uppal.com,Not Disclosed,38,Delhi,Married,1,2022-01-17
CUST10860,Veer Anne,salvitanya@hotmail.com,Male,44,Bangalore,Single,2,2023-04-29
CUST10861,Vritika Dey,khannaanika@gmail.com,Not Disclosed,26,Chennai,Divorced,1,2021-02-23
CUST10862,Zaina Acharya,pbadami@gmail.com,Not Disclosed,30,Kolkata,Widowed,2,2022-12-28
CUST10863,Pari Luthra,aarush03@viswanathan.biz,Male,72,Kolkata,Divorced,0,2023-09-05
CUST10864,Samaira Agate,uchhabra@krishnamurthy-sodhi.com,Male,55,Chennai,Divorced,2,2021-10-04
CUST10865,Zoya Madan,valadivit@yahoo.com,Not Disclosed,18,Delhi,Widowed,2,2024-04-24
CUST10866,Bhamini Ram,faiyazsarma@yahoo.com,Female,37,Bangalore,Divorced,2,2020-12-24
CUST10867,Biju Bhagat,chandshayak@yahoo.com,Not Disclosed,32,Chennai,Divorced,0,2021-08-22
CUST10868,Rhea Kohli,prisha47@gmail.com,Male,21,Mumbai,Married,2,2023-10-09
CUST10869,Elakshi Atwal,ehsaanshanker@barad-bhat.com,Female,63,Mumbai,Divorced,2,2023-05-20
CUST10870,Ojas Saini,tarinisankar@bera-kar.com,Not Disclosed,75,Ahmedabad,Single,2,2023-12-12
CUST10871,Alia Manne,lallkismat@gmail.com,Male,74,Mumbai,Married,4,2021-12-12
CUST10872,Onkar Halder,ygupta@gmail.com,Female,40,Ahmedabad,Widowed,0,2022-07-25
CUST10873,Vardaniya Rattan,chadhabhamini@virk-aurora.com,Male,37,Kolkata,Married,0,2022-03-05
CUST10874,Piya Kulkarni,valatarini@gmail.com,Not Disclosed,45,Lucknow,Divorced,0,2023-09-08
CUST10875,Alisha Shere,tdora@barad-kulkarni.org,Male,67,Pune,Married,4,2022-09-19
CUST10876,Aaryahi Dutt,zroy@hotmail.com,Female,22,Lucknow,Married,1,2024-06-13
CUST10877,Jiya Sathe,tiyajain@srivastava.com,Not Disclosed,27,Bangalore,Widowed,0,2023-03-30
CUST10878,Shlok Sengupta,kimayasastry@swamy.com,Not Disclosed,64,Chennai,Married,0,2022-09-05
CUST10879,Priyansh Koshy,qvasa@din-edwin.com,Not Disclosed,74,Delhi,Married,2,2020-09-25
CUST10880,Misha Rao,ojasbhasin@bains.com,Not Disclosed,35,Ahmedabad,Divorced,0,2021-05-13
CUST10881,Sara Rege,jayeshjoshi@rama-sinha.com,Male,62,Mumbai,Single,2,2022-10-16
CUST10882,Prisha Sur,tanya22@tella-varty.com,Not Disclosed,45,Kolkata,Divorced,2,2020-09-29
CUST10883,Riya Sule,shaanraj@gmail.com,Female,45,Chennai,Widowed,1,2024-03-17
CUST10884,Anya Dhaliwal,wchoudhury@gmail.com,Female,29,Ahmedabad,Single,1,2023-03-27
CUST10885,Jivika Dash,uthkarshchad@gmail.com,Not Disclosed,72,Mumbai,Widowed,0,2023-08-04
CUST10886,Sara Balakrishnan,rameshcharvi@seshadri-arora.info,Male,23,Lucknow,Widowed,0,2023-07-17
CUST10887,Raghav Setty,fbhargava@yahoo.com,Not Disclosed,33,Bangalore,Widowed,2,2021-09-09
CUST10888,Adira Chaudhari,darshitsaraf@seshadri.com,Not Disclosed,57,Kolkata,Married,1,2024-05-14
CUST10889,Hiran Choudhry,indranil11@hotmail.com,Not Disclosed,35,Bangalore,Married,0,2022-01-23
CUST10890,Miraan Talwar,ganesanlavanya@gulati.org,Female,40,Delhi,Single,3,2021-05-30
CUST10891,Tanya Karpe,pihu45@hotmail.com,Not Disclosed,32,Hyderabad,Divorced,2,2023-06-27
CUST10892,Diya Bassi,akarshthakur@dasgupta.biz,Not Disclosed,46,Delhi,Widowed,1,2023-11-21
CUST10893,Emir Guha,darshitchopra@dugar.com,Male,29,Lucknow,Single,1,2021-11-21
CUST10894,Prerak Ghose,badal73@hotmail.com,Male,61,Pune,Single,4,2023-12-29
CUST10895,Indrans Hayer,sakshamgara@gmail.com,Female,31,Delhi,Single,2,2021-01-15
CUST10896,Yakshit Sethi,pgoda@yadav.com,Female,39,Kolkata,Divorced,1,2022-09-07
CUST10897,Parinaaz Ramanathan,rsathe@yahoo.com,Female,51,Lucknow,Single,0,2022-06-16
CUST10898,Mehul Batra,alishacherian@yahoo.com,Female,40,Jaipur,Widowed,1,2020-10-30
CUST10899,Samaira Hayre,jivikaram@amble-dhingra.com,Male,46,Chennai,Single,0,2021-04-07
CUST10900,Dhanuk Zacharia,maneishita@hotmail.com,Female,44,Bangalore,Married,0,2023-12-19
CUST10901,Rasha Khalsa,tedwin@ratta-kunda.com,Not Disclosed,57,Mumbai,Married,2,2020-09-26
CUST10902,Lavanya Buch,zkrish@hotmail.com,Female,21,Delhi,Divorced,2,2023-08-05
CUST10903,Yuvraj  Ram,sehgaltarini@yahoo.com,Male,29,Jaipur,Widowed,1,2021-07-14
CUST10904,Prisha Chandran,emirsarkar@gmail.com,Male,47,Kolkata,Single,0,2020-10-24
CUST10905,Kanav Bala,arnav84@chandran.net,Female,50,Ahmedabad,Widowed,3,2024-04-22
CUST10906,Onkar Bajaj,sekhontanya@rajagopalan.com,Not Disclosed,45,Bangalore,Married,1,2020-11-06
CUST10907,Shaan Boase,xmann@agarwal.com,Male,55,Chennai,Married,0,2023-10-05
CUST10908,Madhav Talwar,ekata@deshmukh.com,Male,30,Mumbai,Divorced,0,2024-01-16
CUST10909,Riaan Manne,samarbawa@mani.com,Not Disclosed,51,Jaipur,Widowed,1,2023-12-12
CUST10910,Abram Dey,taradalal@chaudhary.com,Male,68,Hyderabad,Single,0,2021-06-05
CUST10911,Samaira Ben,kaulojas@yahoo.com,Not Disclosed,52,Mumbai,Married,3,2022-04-09
CUST10912,Akarsh Ganesan,dasguptaira@gmail.com,Male,69,Mumbai,Married,1,2023-09-10
CUST10913,Divit D’Alia,mannat51@devi.com,Male,41,Chennai,Married,0,2020-10-13
CUST10914,Anvi Bala,bsehgal@gmail.com,Female,40,Lucknow,Single,1,2021-07-29
CUST10915,Rohan Kohli,bdutt@arya.com,Not Disclosed,47,Mumbai,Divorced,1,2021-12-25
CUST10916,Hunar Ramesh,imadan@hotmail.com,Female,61,Kolkata,Divorced,2,2021-08-06
CUST10917,Tanya Lanka,zaina72@hotmail.com,Female,36,Delhi,Single,2,2023-07-26
CUST10918,Madhav Ben,abramravi@barman.net,Female,22,Hyderabad,Single,2,2021-06-19
CUST10919,Kabir Gola,sarajoshi@kashyap.com,Male,48,Delhi,Married,4,2024-02-03
CUST10920,Yuvaan Sha,hiran93@gade-chandra.net,Male,36,Ahmedabad,Widowed,1,2022-08-16
CUST10921,Sahil Kannan,qborra@bumb.info,Not Disclosed,54,Jaipur,Married,2,2023-11-21
CUST10922,Arnav Iyengar,akulkarni@gmail.com,Female,23,Mumbai,Single,4,2024-05-09
CUST10923,Vanya Rattan,tripathiindrans@ramachandran-sekhon.com,Not Disclosed,57,Pune,Married,2,2024-03-29
CUST10924,Vihaan Bhatia,ghosejayan@sani.com,Female,29,Lucknow,Widowed,1,2022-09-08
CUST10925,Trisha Lad,cjani@shere.com,Not Disclosed,47,Hyderabad,Married,3,2022-04-25
CUST10926,Samarth Singhal,alisha62@gmail.com,Male,36,Ahmedabad,Widowed,1,2022-02-27
CUST10927,Stuvan Sarraf,damini60@yahoo.com,Female,66,Delhi,Single,0,2023-07-14
CUST10928,Shamik Bala,jayesh89@tripathi.net,Female,42,Hyderabad,Widowed,0,2023-10-19
CUST10929,Tushar Vohra,chackojivin@hotmail.com,Not Disclosed,71,Bangalore,Widowed,1,2021-04-25
CUST10930,Mishti Kapoor,dyalneysa@anand.info,Not Disclosed,27,Delhi,Married,0,2022-02-06
CUST10931,Raghav Baral,obhalla@sridhar.com,Male,66,Jaipur,Widowed,2,2021-11-20
CUST10932,Nakul Babu,lagan31@gmail.com,Female,37,Pune,Married,0,2022-11-03
CUST10933,Mishti Dey,tusharkar@vala-gala.com,Female,45,Lucknow,Divorced,1,2023-07-12
CUST10934,Dharmajan Kata,jivikamann@cheema.org,Female,72,Hyderabad,Divorced,0,2022-09-26
CUST10935,Reyansh Sangha,majumdarnehmat@yahoo.com,Female,54,Pune,Divorced,4,2023-05-13
CUST10936,Jayesh Lall,tsaraf@issac-dalia.com,Not Disclosed,44,Ahmedabad,Divorced,3,2024-05-12
CUST10937,Jhanvi Talwar,madhavsood@gmail.com,Male,25,Chennai,Widowed,3,2022-04-30
CUST10938,Myra Tank,farhansachar@sheth-ahluwalia.com,Not Disclosed,75,Ahmedabad,Married,1,2021-10-18
CUST10939,Myra Bala,bhattianahita@zacharia-vohra.com,Female,33,Bangalore,Married,0,2022-04-20
CUST10940,Anaya Dada,eshani67@manda.com,Male,44,Mumbai,Widowed,1,2021-08-03
CUST10941,Arhaan Bhattacharyya,ladojas@mahal.com,Male,22,Delhi,Married,1,2023-04-13
CUST10942,Inaaya  Tailor,shaansachar@chanda.com,Not Disclosed,42,Hyderabad,Divorced,2,2022-01-18
CUST10943,Nitara Shan,lakshaybajaj@ganesh.biz,Female,18,Ahmedabad,Married,0,2024-04-16
CUST10944,Riya Chand,bassiarmaan@krish-bakshi.com,Female,36,Ahmedabad,Widowed,1,2022-07-09
CUST10945,Zoya Varughese,nakul34@gmail.com,Not Disclosed,65,Bangalore,Single,3,2023-04-03
CUST10946,Ranbir Venkataraman,armaan13@gmail.com,Male,51,Pune,Widowed,0,2021-04-06
CUST10947,Lakshay Rao,yissac@sankar-goyal.info,Male,40,Chennai,Divorced,0,2022-04-01
CUST10948,Neelofar Date,jainyuvraj@sur-sastry.biz,Female,69,Pune,Single,1,2024-02-22
CUST10949,Navya Chaudhari,aniruddh60@agate-jaggi.com,Not Disclosed,58,Hyderabad,Divorced,4,2021-05-12
CUST10950,Vedika Dave,mamootysani@boase.com,Female,28,Ahmedabad,Divorced,1,2022-11-22
CUST10951,Mohanlal Deep,hansriaan@gmail.com,Male,75,Mumbai,Married,4,2023-11-29
CUST10952,Anay Kala,tiwarijayant@dash.org,Female,38,Chennai,Widowed,0,2023-04-06
CUST10953,Vanya Barad,tarathakkar@manda-mani.com,Male,66,Ahmedabad,Single,1,2022-06-20
CUST10954,Chirag Sen,divitbhatt@varma.com,Not Disclosed,54,Mumbai,Widowed,1,2024-03-10
CUST10955,Zain Goel,karanzoya@rau.com,Female,70,Mumbai,Widowed,0,2022-05-19
CUST10956,Kanav Gola,rati35@yahoo.com,Not Disclosed,54,Mumbai,Widowed,0,2024-04-09
CUST10957,Yuvraj  Basu,sarakapur@hotmail.com,Male,40,Lucknow,Single,2,2024-05-18
CUST10958,Madhav Gaba,dagate@yahoo.com,Female,73,Jaipur,Divorced,0,2023-01-11
CUST10959,Devansh Din,samarth67@sami.com,Male,26,Pune,Widowed,0,2021-02-10
CUST10960,Uthkarsh Sawhney,doraanahi@hotmail.com,Not Disclosed,50,Delhi,Widowed,1,2021-07-05
CUST10961,Neelofar Agate,wkrish@babu.biz,Not Disclosed,36,Delhi,Single,3,2024-07-05
CUST10962,Lagan Vala,adah76@yahoo.com,Female,27,Chennai,Married,0,2023-09-13
CUST10963,Jivin Kunda,divyanshsetty@srivastava-gole.com,Female,25,Lucknow,Divorced,2,2020-11-03
CUST10964,Rania Manne,hridaan82@gmail.com,Male,73,Hyderabad,Divorced,0,2021-05-04
CUST10965,Nehmat Sur,chaudhurijivika@korpal-singh.com,Male,39,Delhi,Married,2,2021-08-31
CUST10966,Dhanuk Kala,jivin73@shanker-tata.org,Female,53,Lucknow,Single,1,2021-12-10
CUST10967,Zoya Dhar,usom@sangha.com,Female,70,Jaipur,Widowed,1,2023-01-04
CUST10968,Vardaniya Behl,anahiseth@gmail.com,Not Disclosed,67,Jaipur,Widowed,2,2021-08-27
CUST10969,Zeeshan Sood,anahita77@reddy.com,Not Disclosed,71,Bangalore,Single,0,2023-09-22
CUST10970,Kashvi Wable,gbedi@yahoo.com,Male,59,Bangalore,Married,3,2022-03-10
CUST10971,Stuvan Hora,pchauhan@gmail.com,Male,62,Hyderabad,Widowed,2,2024-03-02
CUST10972,Zara Chauhan,mangatsaanvi@kohli.com,Male,75,Pune,Widowed,1,2024-01-28
CUST10973,Dhruv Tata,zoyasahni@sawhney-dar.com,Not Disclosed,65,Kolkata,Widowed,1,2024-04-23
CUST10974,Elakshi Joshi,indrans87@hotmail.com,Female,26,Hyderabad,Widowed,0,2022-12-30
CUST10975,Lakshay Malhotra,inaaya-biswas@yahoo.com,Female,57,Bangalore,Widowed,0,2021-07-17
CUST10976,Armaan Aurora,xuppal@krishna.org,Female,46,Mumbai,Divorced,2,2023-08-19
CUST10977,Myra Krishnan,rjaggi@yahoo.com,Not Disclosed,27,Ahmedabad,Widowed,3,2023-08-29
CUST10978,Dhanush Anne,chirag50@ray.com,Male,69,Lucknow,Single,2,2021-08-26
CUST10979,Hiran Kala,shlok03@deo.com,Not Disclosed,43,Delhi,Single,0,2024-04-11
CUST10980,Aradhya Sood,advik77@yahoo.com,Male,60,Delhi,Single,3,2022-07-29
CUST10981,Siya Sunder,myra62@saha.info,Male,53,Ahmedabad,Single,0,2024-07-06
CUST10982,Misha Lad,siyabhakta@seth-bahri.info,Female,39,Ahmedabad,Divorced,0,2022-12-03
CUST10983,Mishti Bava,manikya15@dara.com,Not Disclosed,28,Kolkata,Single,1,2020-11-07
CUST10984,Diya Hayre,detarini@dey.info,Female,46,Chennai,Single,4,2021-09-17
CUST10985,Ranbir Bava,aradhya58@deo.biz,Not Disclosed,21,Bangalore,Widowed,2,2023-06-06
CUST10986,Darshit Mand,anaya53@yahoo.com,Not Disclosed,63,Hyderabad,Married,0,2021-04-18
CUST10987,Jayan Wagle,ojas82@gmail.com,Not Disclosed,75,Bangalore,Widowed,4,2022-03-18
CUST10988,Shamik Salvi,boasekrish@mammen.com,Not Disclosed,19,Chennai,Divorced,2,2023-09-27
CUST10989,Hansh Gara,bbava@yahoo.com,Male,46,Mumbai,Single,0,2022-03-14
CUST10990,Dhruv Shenoy,kumarpranay@borra-mani.com,Male,57,Chennai,Single,2,2021-03-13
CUST10991,Kavya Kant,chareshani@saraf-kanda.com,Female,24,Hyderabad,Divorced,2,2024-05-08
CUST10992,Khushi Tak,duamohanlal@anne.net,Not Disclosed,49,Pune,Married,3,2021-05-18
CUST10993,Saira Chakrabarti,mandakanav@chadha.com,Male,36,Mumbai,Married,0,2021-04-22
CUST10994,Badal Saini,rajuivan@gmail.com,Not Disclosed,29,Hyderabad,Widowed,3,2023-04-13
CUST10995,Mehul Chada,hridaanagate@hotmail.com,Male,70,Hyderabad,Divorced,2,2020-07-29
CUST10996,Arhaan Tara,qwali@mand-sood.com,Male,35,Delhi,Single,1,2022-07-24
CUST10997,Mahika Uppal,vdalal@yahoo.com,Female,70,Ahmedabad,Married,3,2023-01-27
CUST10998,Bhamini Aggarwal,kartik15@bajaj-singhal.com,Male,37,Jaipur,Single,0,2022-07-22
CUST10999,Alia Sekhon,urvichadha@hotmail.com,Male,67,Hyderabad,Widowed,1,2021-09-07
